,state,county,congressional district,county_fips,state_name,state_code,Year_id,Year_display-label,GEO_display-label,White,Black or African American,American Indian and Alaska Native,Asian,Native Hawaiian and Other Pacific Islander,Hispanic,Two or More Races,Persons of Color,Total Population,Percentage Persons of Color,Majority-Minority County,Female,Male,DI_2000,DI_2015,DI_ratio
2,01,005,02,01005,Alabama,AL,est72015,"July 1, 2015","Barbour County, Alabama",12340.0,12529.0,63.0,118.0,24.0,1159.0,256.0,14149.0,26489,0.534146249387,minority,12341.0,14148.0,0.524883066983,0.553527507523,1.05457299414
5,01,011,02,01011,Alabama,AL,est72015,"July 1, 2015","Bullock County, Alabama",2386.0,7373.0,28.0,25.0,4.0,763.0,117.0,8310.0,10696,0.776925953628,minority,4839.0,5857.0,0.406803299716,0.453969631457,1.11594382782
23,01,047,07,01047,Alabama,AL,est72015,"July 1, 2015","Dallas County, Alabama",11668.0,28511.0,79.0,171.0,11.0,371.0,320.0,29463.0,41131,0.716321023073,minority,22093.0,19038.0,0.471881908797,0.433705597692,0.919097743751
31,01,063,07,01063,Alabama,AL,est72015,"July 1, 2015","Greene County, Alabama",1522.0,6781.0,15.0,18.0,0.0,84.0,59.0,6957.0,8479,0.8204977002,minority,4455.0,4024.0,0.315441131205,0.323243894348,1.02473603589
32,01,065,07,01065,Alabama,AL,est72015,"July 1, 2015","Hale County, Alabama",6082.0,8652.0,26.0,36.0,1.0,170.0,101.0,8986.0,15068,0.596363153703,minority,7976.0,7092.0,0.490413597679,0.503048268899,1.0257632971
42,01,085,07,01085,Alabama,AL,est72015,"July 1, 2015","Lowndes County, Alabama",2681.0,7521.0,27.0,20.0,4.0,119.0,86.0,7777.0,10458,0.743641231593,minority,5497.0,4961.0,0.394795990644,0.407614570462,1.03246887031
43,01,087,03,01087,Alabama,AL,est72015,"July 1, 2015","Macon County, Alabama",3147.0,15324.0,33.0,61.0,3.0,253.0,284.0,15958.0,19105,0.835278722847,minority,10332.0,8773.0,0.259386393514,0.31452838391,1.21258628739
45,01,091,07,01091,Alabama,AL,est72015,"July 1, 2015","Marengo County, Alabama",9094.0,10141.0,52.0,57.0,8.0,497.0,179.0,10934.0,20028,0.545935690034,minority,10625.0,9403.0,0.511162012296,0.533101865829,1.04292152587
50,01,101,"02, 03, 07",01101,Alabama,AL,est72015,"July 1, 2015","Montgomery County, Alabama",81290.0,127977.0,470.0,6204.0,99.0,7428.0,3051.0,145229.0,226519,0.641133856321,minority,119193.0,107326.0,0.528969448877,0.543848740798,1.02812883041
52,01,105,07,01105,Alabama,AL,est72015,"July 1, 2015","Perry County, Alabama",2936.0,6454.0,20.0,49.0,5.0,131.0,57.0,6716.0,9652,0.695814338997,minority,5130.0,4522.0,0.435327929064,0.453604650743,1.04198380223
56,01,113,03,01113,Alabama,AL,est72015,"July 1, 2015","Russell County, Alabama",28809.0,25486.0,241.0,483.0,149.0,2982.0,1510.0,30851.0,59660,0.517113643983,minority,30622.0,29038.0,0.515713339348,0.571086534898,1.10737204436
59,01,119,07,01119,Alabama,AL,est72015,"July 1, 2015","Sumter County, Alabama",3311.0,9408.0,17.0,163.0,1.0,140.0,63.0,9792.0,13103,0.747309776387,minority,7183.0,5920.0,0.398137525224,0.414852141484,1.04198201677
65,01,131,07,01131,Alabama,AL,est72015,"July 1, 2015","Wilcox County, Alabama",3085.0,7759.0,23.0,14.0,2.0,106.0,70.0,7974.0,11059,0.721041685505,minority,5785.0,5274.0,0.406975933666,0.422376533113,1.03784154829
67,04,001,01,04001,Arizona,AZ,est72015,"July 1, 2015","Apache County, Arizona",13435.0,649.0,51365.0,235.0,38.0,4460.0,1292.0,58039.0,71474,0.812029549207,minority,36153.0,35321.0,0.370343206007,0.419898104479,1.13380803986
72,04,011,01,04011,Arizona,AZ,est72015,"July 1, 2015","Greenlee County, Arizona",4498.0,143.0,222.0,67.0,7.0,4355.0,237.0,5031.0,9529,0.527967257844,minority,4589.0,4940.0,0.527181814534,0.57463833351,1.09001926407
76,04,017,01,04017,Arizona,AZ,est72015,"July 1, 2015","Navajo County, Arizona",45318.0,1227.0,47105.0,706.0,90.0,11661.0,2170.0,62959.0,108277,0.581462360427,minority,54005.0,54272.0,0.583294555969,0.608834382833,1.043785471
79,04,023,03,04023,Arizona,AZ,est72015,"July 1, 2015","Santa Cruz County, Arizona",7238.0,206.0,154.0,249.0,9.0,38222.0,383.0,39223.0,46461,0.844213426315,minority,24195.0,22266.0,0.327455667809,0.32218378792,0.983900477506
81,04,027,"03, 04",04027,Arizona,AZ,est72015,"July 1, 2015","Yuma County, Arizona",66594.0,4011.0,2059.0,2479.0,231.0,124808.0,4093.0,137681.0,204275,0.673998286623,minority,99285.0,104990.0,0.560109689351,0.540946974492,0.965787567643
90,05,017,01,05017,Arkansas,AR,est72015,"July 1, 2015","Chicot County, Arkansas",4377.0,5856.0,32.0,56.0,3.0,602.0,101.0,6650.0,11027,0.603065203591,minority,5611.0,5416.0,0.525787807524,0.548004745345,1.0422545702
99,05,035,01,05035,Arkansas,AR,est72015,"July 1, 2015","Crittenden County, Arkansas",21401.0,25307.0,151.0,351.0,7.0,1112.0,634.0,27562.0,48963,0.562914854073,minority,25739.0,23224.0,0.522468859086,0.536944523043,1.0277062713
102,05,041,01,05041,Arkansas,AR,est72015,"July 1, 2015","Desha County, Arkansas",5536.0,5605.0,43.0,53.0,3.0,587.0,138.0,6429.0,11965,0.537317175094,minority,6360.0,5605.0,0.536818847614,0.555161011747,1.0341682566
116,05,069,"01, 04",05069,Arkansas,AR,est72015,"July 1, 2015","Jefferson County, Arkansas",28756.0,39420.0,271.0,655.0,67.0,1391.0,1005.0,42809.0,71565,0.598183469573,minority,36269.0,35296.0,0.521968285611,0.530055640359,1.0154939581
120,05,077,01,05077,Arkansas,AR,est72015,"July 1, 2015","Lee County, Arkansas",4010.0,5152.0,53.0,49.0,2.0,232.0,152.0,5640.0,9650,0.584455958549,minority,4264.0,5386.0,0.506857064147,0.536722434515,1.05892266771
135,05,107,01,05107,Arkansas,AR,est72015,"July 1, 2015","Phillips County, Arkansas",6945.0,11849.0,59.0,88.0,2.0,321.0,249.0,12568.0,19513,0.644083431558,minority,10317.0,9196.0,0.498673328134,0.496161161565,0.994962300113
143,05,123,01,05123,Arkansas,AR,est72015,"July 1, 2015","St. Francis County, Arkansas",10801.0,13915.0,147.0,141.0,10.0,1171.0,404.0,15788.0,26589,0.593779382451,minority,12015.0,14574.0,0.55280193912,0.551210314563,0.99712080504
157,06,001,"13, 15, 17",06001,California,CA,est72015,"July 1, 2015","Alameda County, California",532171.0,179327.0,4383.0,472992.0,13557.0,349610.0,86175.0,1106044.0,1638215,0.675151918399,minority,834669.0,803546.0,0.72646141582,0.749956781848,1.03234220774
162,06,011,03,06011,California,CA,est72015,"July 1, 2015","Colusa County, California",7769.0,194.0,269.0,319.0,67.0,12341.0,523.0,13713.0,21482,0.638348384694,minority,10461.0,11021.0,0.560521605306,0.554297779931,0.98889636846
163,06,013,"05, 09, 11, 15",06013,California,CA,est72015,"July 1, 2015","Contra Costa County, California",507108.0,99208.0,3238.0,182793.0,5230.0,270931.0,58237.0,619637.0,1126745,0.549935433483,minority,576956.0,549789.0,0.604988553911,0.703327423092,1.16254666067
166,06,019,"04, 16, 21, 22",06019,California,CA,est72015,"July 1, 2015","Fresno County, California",296436.0,46113.0,5939.0,96805.0,1326.0,498836.0,29406.0,678425.0,974861,0.695919725992,minority,488471.0,486390.0,0.651784280124,0.664662652936,1.01975864286
169,06,025,51,06025,California,CA,est72015,"July 1, 2015","Imperial County, California",21480.0,4579.0,1512.0,2481.0,110.0,146913.0,3116.0,158711.0,180191,0.880793158371,minority,88327.0,91864.0,0.466044040363,0.364475791216,0.782062980427
171,06,029,"21, 23",06029,California,CA,est72015,"July 1, 2015","Kern County, California",312645.0,46470.0,5674.0,39448.0,1094.0,449683.0,27162.0,569531.0,882176,0.645597930572,minority,429393.0,452783.0,0.611611106288,0.635583127083,1.03919487489
172,06,031,21,06031,California,CA,est72015,"July 1, 2015","Kings County, California",50101.0,9266.0,1327.0,5846.0,288.0,78675.0,5462.0,100864.0,150965,0.668128374126,minority,67620.0,83345.0,0.635517801214,0.639080941049,1.00560667196
175,06,037,"23, 25, 26, 27, 28, 29, 30, 32, 33, 34, 35, 37, 38, 39, 40, 43, 44, 47",06037,California,CA,est72015,"July 1, 2015","Los Angeles County, California",2707415.0,824160.0,19957.0,1462534.0,24132.0,4830413.0,301681.0,7462877.0,10170292,0.733791812467,minority,5160069.0,5010223.0,0.690774478256,0.694065041014,1.00476358473
176,06,039,"04, 16",06039,California,CA,est72015,"July 1, 2015","Madera County, California",54468.0,5164.0,1759.0,3194.0,158.0,86428.0,3827.0,100530.0,154998,0.648589014052,minority,80351.0,74647.0,0.597118164042,0.606431029658,1.01559635291
180,06,047,16,06047,California,CA,est72015,"July 1, 2015","Merced County, California",77568.0,8323.0,1172.0,19967.0,548.0,152667.0,8210.0,190887.0,268455,0.711057719171,minority,132875.0,135580.0,0.630386678483,0.616410946951,0.977829906613
183,06,053,20,06053,California,CA,est72015,"July 1, 2015","Monterey County, California",133310.0,11169.0,1359.0,25590.0,1957.0,244316.0,16197.0,300588.0,433898,0.692761893348,minority,212923.0,220975.0,0.628062023657,0.617909029591,0.983834408572
186,06,059,"38, 39, 45, 46, 47, 48, 49",06059,California,CA,est72015,"July 1, 2015","Orange County, California",1312967.0,51315.0,6495.0,621864.0,9115.0,1062710.0,105310.0,1856809.0,3169776,0.585785557087,minority,1604242.0,1565534.0,0.624608289497,0.681762568895,1.09150419608
189,06,065,"36, 41, 42, 50",06065,California,CA,est72015,"July 1, 2015","Riverside County, California",867072.0,143109.0,11444.0,149052.0,6763.0,1102668.0,80918.0,1493954.0,2361026,0.632756267826,minority,1186573.0,1174453.0,0.608854254331,0.656934102163,1.07896774555
190,06,067,"03, 06, 07, 09",06067,California,CA,est72015,"July 1, 2015","Sacramento County, California",691208.0,146980.0,8011.0,229946.0,16371.0,317964.0,90855.0,810127.0,1501335,0.539604418734,minority,766967.0,734368.0,0.61063261195,0.705770290969,1.15580183101
191,06,069,20,06069,California,CA,est72015,"July 1, 2015","San Benito County, California",20897.0,480.0,251.0,1612.0,102.0,33523.0,1927.0,37895.0,58792,0.64456048442,minority,29275.0,29517.0,0.569115168207,0.578521337292,1.01652770759
192,06,071,"08, 27, 31, 35, 39",06071,California,CA,est72015,"July 1, 2015","San Bernardino County, California",637558.0,175578.0,8462.0,144159.0,6313.0,1082756.0,73307.0,1490575.0,2128133,0.700414400792,minority,1068938.0,1059195.0,0.650492642223,0.663174340941,1.01949552984
193,06,073,"49, 50, 51, 52, 53",06073,California,CA,est72015,"July 1, 2015","San Diego County, California",1526978.0,157380.0,14569.0,378883.0,14455.0,1064424.0,142832.0,1772543.0,3299521,0.537212219592,minority,1640141.0,1659380.0,0.61405233068,0.670548915964,1.09200614095
194,06,075,"12, 13, 14",06075,California,CA,est72015,"July 1, 2015","San Francisco County, California",354292.0,44467.0,1868.0,299937.0,3362.0,124536.0,36354.0,510524.0,864816,0.59032672846,minority,424134.0,440682.0,0.680449438079,0.681925509322,1.00216925926
195,06,077,"09, 10",06077,California,CA,est72015,"July 1, 2015","San Joaquin County, California",242414.0,50919.0,3277.0,105927.0,3849.0,281812.0,37908.0,483692.0,726106,0.666145163378,minority,364270.0,361836.0,0.666834995569,0.725236104049,1.08757954947
197,06,081,"14, 18",06081,California,CA,est72015,"July 1, 2015","San Mateo County, California",305624.0,18463.0,1147.0,210308.0,10582.0,184314.0,34697.0,459511.0,765135,0.600561992328,minority,388385.0,376750.0,0.65616396205,0.703821006996,1.07262978113
198,06,083,24,06083,California,CA,est72015,"July 1, 2015","Santa Barbara County, California",201931.0,7868.0,1957.0,23081.0,699.0,193392.0,15841.0,242838.0,444769,0.545986793144,minority,221953.0,222816.0,0.563498644986,0.615378088191,1.09206666896
199,06,085,"17, 18, 19, 20",06085,California,CA,est72015,"July 1, 2015","Santa Clara County, California",628930.0,45937.0,4045.0,669673.0,6593.0,484789.0,78077.0,1289114.0,1918044,0.67209824175,minority,952654.0,965390.0,0.677431683676,0.705178116455,1.04095827439
204,06,095,"03, 05",06095,California,CA,est72015,"July 1, 2015","Solano County, California",170431.0,59853.0,1935.0,64566.0,3647.0,105785.0,29875.0,265661.0,436092,0.609185676417,minority,219223.0,216869.0,0.682832353478,0.743530364755,1.08889152801
206,06,099,10,06099,California,CA,est72015,"July 1, 2015","Stanislaus County, California",234357.0,13783.0,2887.0,28653.0,3856.0,233822.0,21030.0,304031.0,538388,0.564706122722,minority,272072.0,266316.0,0.564599049512,0.631891209933,1.11918574868
207,06,101,03,06101,California,CA,est72015,"July 1, 2015","Sutter County, California",45536.0,1898.0,906.0,15570.0,295.0,28070.0,4188.0,50927.0,96463,0.52794335652,minority,48580.0,47883.0,0.572015066394,0.669038904107,1.1696176262
210,06,107,"21, 22, 23",06107,California,CA,est72015,"July 1, 2015","Tulare County, California",136225.0,5873.0,3286.0,15237.0,476.0,287390.0,11376.0,323638.0,459863,0.703770470771,minority,229670.0,230193.0,0.579310754964,0.5552760282,0.958511512936
212,06,111,"24, 25, 26, 30",06111,California,CA,est72015,"July 1, 2015","Ventura County, California",391945.0,14273.0,2557.0,60866.0,1421.0,351120.0,28354.0,458591.0,850536,0.539178823706,minority,429728.0,420808.0,0.56744840911,0.623804990622,1.09931578027
213,06,113,"03, 06",06113,California,CA,est72015,"July 1, 2015","Yolo County, California",101377.0,5241.0,1103.0,29326.0,938.0,64151.0,10880.0,111639.0,213016,0.524087392496,minority,109495.0,103521.0,0.58323696106,0.664229158648,1.13886670941
216,08,003,03,08003,Colorado,CO,est72015,"July 1, 2015","Alamosa County, Colorado",8083.0,207.0,204.0,145.0,11.0,7315.0,531.0,8413.0,16496,0.51000242483,minority,8218.0,8278.0,0.550831132549,0.594664136151,1.07957611873
226,08,021,03,08021,Colorado,CO,est72015,"July 1, 2015","Conejos County, Colorado",3559.0,24.0,61.0,28.0,7.0,4253.0,198.0,4571.0,8130,0.562238622386,minority,4079.0,4051.0,0.513013988005,0.56057704865,1.09271298982
227,08,023,03,08023,Colorado,CO,est72015,"July 1, 2015","Costilla County, Colorado",1171.0,22.0,37.0,35.0,2.0,2239.0,78.0,2413.0,3584,0.673270089286,minority,1723.0,1861.0,0.49598314374,0.56862523478,1.14646080609
292,12,011,"20, 21, 22, 23, 24, 25",12011,Florida,FL,est72015,"July 1, 2015","Broward County, Florida",736495.0,523921.0,3886.0,68959.0,1249.0,521300.0,40615.0,1159930.0,1896425,0.61164032324,minority,975277.0,921148.0,0.584306484284,0.693542593487,1.18695002048
305,12,039,02,12039,Florida,FL,est72015,"July 1, 2015","Gadsden County, Florida",15414.0,25153.0,113.0,279.0,12.0,4536.0,529.0,30622.0,46036,0.665175080372,minority,24154.0,21882.0,0.537950410769,0.571497729539,1.06236135915
310,12,049,17,12049,Florida,FL,est72015,"July 1, 2015","Hardee County, Florida",12926.0,1925.0,89.0,314.0,16.0,11766.0,466.0,14576.0,27502,0.52999781834,minority,12832.0,14670.0,0.573173281386,0.59987802715,1.04659105131
311,12,051,"20, 25",12051,Florida,FL,est72015,"July 1, 2015","Hendry County, Florida",13109.0,4592.0,548.0,410.0,21.0,19995.0,444.0,26010.0,39119,0.664894296889,minority,18784.0,20335.0,0.631568361583,0.629372600916,0.996523320671
329,12,086,"23, 24, 25, 26, 27",12086,Florida,FL,est72015,"July 1, 2015","Miami-Dade County, Florida",386499.0,441520.0,2427.0,42220.0,633.0,1787073.0,32745.0,2306618.0,2693117,0.856486368769,minority,1388109.0,1305008.0,0.603308637147,0.533617068241,0.884484383921
334,12,095,"05, 07, 08, 09, 10",12095,Florida,FL,est72015,"July 1, 2015","Orange County, Florida",547682.0,258106.0,2781.0,70141.0,1458.0,374721.0,33237.0,740444.0,1288126,0.574822649337,minority,655965.0,632161.0,0.594722190453,0.692850194096,1.16499805324
335,12,097,09,12097,Florida,FL,est72015,"July 1, 2015","Osceola County, Florida",112995.0,30976.0,726.0,9081.0,345.0,161296.0,8574.0,210998.0,323993,0.651242465115,minority,164756.0,159237.0,0.555217783876,0.647829610963,1.16680270297
357,13,007,02,13007,Georgia,GA,est72015,"July 1, 2015","Baker County, Georgia",1492.0,1443.0,11.0,33.0,2.0,155.0,44.0,1688.0,3180,0.530817610063,minority,1672.0,1508.0,0.527702357162,0.563284086864,1.06742764973
364,13,021,"02, 08",13021,Georgia,GA,est72015,"July 1, 2015","Bibb County, Georgia",61185.0,82331.0,296.0,2955.0,89.0,4724.0,2141.0,92536.0,153721,0.60197370561,minority,81472.0,72249.0,0.528431234439,0.546580187166,1.0343449659
370,13,033,12,13033,Georgia,GA,est72015,"July 1, 2015","Burke County, Georgia",10757.0,10777.0,67.0,108.0,23.0,675.0,338.0,11988.0,22745,0.527060892504,minority,11839.0,10906.0,0.521396932043,0.544152661467,1.04364377315
372,13,037,02,13037,Georgia,GA,est72015,"July 1, 2015","Calhoun County, Georgia",2100.0,3944.0,13.0,42.0,0.0,302.0,78.0,4379.0,6479,0.675875906776,minority,2561.0,3918.0,0.491146045246,0.512870075616,1.04423130468
378,13,051,01,13051,Georgia,GA,est72015,"July 1, 2015","Chatham County, Georgia",141764.0,112908.0,620.0,8068.0,392.0,16824.0,6380.0,145192.0,286956,0.505973041163,minority,148626.0,138330.0,0.538078978444,0.588576408731,1.09384761775
383,13,061,02,13061,Georgia,GA,est72015,"July 1, 2015","Clay County, Georgia",1186.0,1855.0,9.0,16.0,2.0,43.0,30.0,1955.0,3141,0.62241324419,minority,1647.0,1494.0,0.486299425934,0.506493033922,1.04152505002
384,13,063,"05, 13",13063,Georgia,GA,est72015,"July 1, 2015","Clayton County, Georgia",35828.0,182673.0,505.0,14399.0,146.0,34407.0,5997.0,238127.0,273955,0.869219397346,minority,144507.0,129448.0,0.595811169247,0.493672502707,0.828572084895
397,13,089,"04, 05, 06",13089,Georgia,GA,est72015,"July 1, 2015","DeKalb County, Georgia",218241.0,392622.0,1343.0,45165.0,267.0,61892.0,15341.0,516630.0,734871,0.703021346604,minority,386170.0,348701.0,0.584835385394,0.60149958708,1.0284938328
399,13,093,02,13093,Georgia,GA,est72015,"July 1, 2015","Dooly County, Georgia",5963.0,6774.0,17.0,88.0,4.0,1062.0,127.0,8072.0,14035,0.575133594585,minority,6449.0,7586.0,0.548246182342,0.563914247508,1.02857852124
400,13,095,02,13095,Georgia,GA,est72015,"July 1, 2015","Dougherty County, Georgia",24614.0,62190.0,180.0,819.0,49.0,2369.0,1111.0,66718.0,91332,0.730499715324,minority,48970.0,42362.0,0.495739915144,0.45361863191,0.915033504571
401,13,097,13,13097,Georgia,GA,est72015,"July 1, 2015","Douglas County, Georgia",61460.0,60721.0,335.0,2322.0,154.0,12277.0,3464.0,79273.0,140733,0.563286507074,minority,73613.0,67120.0,0.386344744543,0.602549011789,1.55961487842
402,13,099,02,13099,Georgia,GA,est72015,"July 1, 2015","Early County, Georgia",4946.0,5193.0,37.0,64.0,2.0,234.0,99.0,5629.0,10575,0.532293144208,minority,5593.0,4982.0,0.51829488754,0.535501880064,1.0331992326
413,13,121,"05, 06, 11, 13",13121,Georgia,GA,est72015,"July 1, 2015","Fulton County, Georgia",407385.0,438072.0,1681.0,69255.0,307.0,73280.0,20582.0,603177.0,1010562,0.596872829178,minority,521470.0,489092.0,0.586703599382,0.630671952975,1.07494133944
420,13,135,"04, 07, 10",13135,Georgia,GA,est72015,"July 1, 2015","Gwinnett County, Georgia",354415.0,233024.0,1612.0,104236.0,448.0,178874.0,23214.0,541408.0,895823,0.604369389935,minority,457090.0,438733.0,0.514838866172,0.719186968674,1.3969166198
423,13,141,10,13141,Georgia,GA,est72015,"July 1, 2015","Hancock County, Georgia",2097.0,6123.0,19.0,67.0,1.0,167.0,77.0,6454.0,8551,0.7547655245,minority,3905.0,4646.0,0.350639287557,0.420523137399,1.19930410631
428,13,151,"03, 10, 13",13151,Georgia,GA,est72015,"July 1, 2015","Henry County, Georgia",103029.0,88375.0,501.0,7287.0,139.0,13496.0,4912.0,114710.0,217739,0.526823398656,minority,113736.0,104003.0,0.334665023866,0.595590995108,1.7796631038
434,13,163,10,13163,Georgia,GA,est72015,"July 1, 2015","Jefferson County, Georgia",6754.0,8521.0,27.0,109.0,4.0,545.0,146.0,9352.0,16106,0.580653172731,minority,8258.0,7848.0,0.506805892461,0.538212274464,1.06196925188
442,13,179,01,13179,Georgia,GA,est72015,"July 1, 2015","Liberty County, Georgia",25910.0,24565.0,286.0,1326.0,344.0,7288.0,2748.0,36557.0,62467,0.585220996686,minority,30254.0,32213.0,0.600158063268,0.641263066403,1.06849029556
449,13,193,02,13193,Georgia,GA,est72015,"July 1, 2015","Macon County, Georgia",4657.0,8053.0,18.0,214.0,18.0,549.0,123.0,8975.0,13632,0.658377347418,minority,6207.0,7425.0,0.50673912941,0.526596652155,1.03918687465
454,13,205,02,13205,Georgia,GA,est72015,"July 1, 2015","Mitchell County, Georgia",10497.0,10716.0,59.0,135.0,7.0,941.0,219.0,12077.0,22574,0.534996013112,minority,10837.0,11737.0,0.52880253861,0.551886570533,1.04365340602
459,13,215,"02, 03",13215,Georgia,GA,est72015,"July 1, 2015","Muscogee County, Georgia",84016.0,90358.0,659.0,5149.0,371.0,14242.0,5784.0,116563.0,200579,0.581132621062,minority,101670.0,98909.0,0.562929185692,0.601551209479,1.06860902715
460,13,217,"04, 10",13217,Georgia,GA,est72015,"July 1, 2015","Newton County, Georgia",51641.0,45071.0,237.0,1121.0,59.0,5292.0,2052.0,53832.0,105473,0.510386544424,minority,55295.0,50178.0,0.398727599604,0.565657735741,1.41865708896
464,13,225,02,13225,Georgia,GA,est72015,"July 1, 2015","Peach County, Georgia",12369.0,11572.0,70.0,269.0,9.0,1942.0,489.0,14351.0,26720,0.537088323353,minority,13885.0,12835.0,0.547322057505,0.58828794727,1.07484786919
473,13,243,02,13243,Georgia,GA,est72015,"July 1, 2015","Randolph County, Georgia",2584.0,4347.0,10.0,45.0,0.0,151.0,56.0,4609.0,7193,0.6407618518,minority,3843.0,3350.0,0.494275548461,0.498219159707,1.00797856835
474,13,245,12,13245,Georgia,GA,est72015,"July 1, 2015","Richmond County, Georgia",72690.0,110212.0,589.0,3518.0,468.0,8956.0,5360.0,129103.0,201793,0.639779377877,minority,103973.0,97820.0,0.54856178192,0.555818079627,1.01322785864
475,13,247,04,13247,Georgia,GA,est72015,"July 1, 2015","Rockdale County, Georgia",31400.0,45093.0,211.0,1561.0,68.0,8593.0,1930.0,57456.0,88856,0.646619249122,minority,46942.0,41914.0,0.432318263856,0.593255068659,1.37226464449
481,13,259,02,13259,Georgia,GA,est72015,"July 1, 2015","Stewart County, Georgia",1548.0,2610.0,14.0,51.0,1.0,1527.0,100.0,4303.0,5851,0.735429841053,minority,2221.0,3630.0,0.486796494001,0.621497788075,1.27670966355
482,13,261,02,13261,Georgia,GA,est72015,"July 1, 2015","Sumter County, Georgia",12245.0,16050.0,100.0,418.0,9.0,1624.0,333.0,18534.0,30779,0.602163812989,minority,16199.0,14580.0,0.533947997985,0.558756864133,1.04646307551
483,13,263,02,13263,Georgia,GA,est72015,"July 1, 2015","Talbot County, Georgia",2569.0,3484.0,22.0,17.0,0.0,145.0,100.0,3768.0,6337,0.594603124507,minority,3317.0,3020.0,0.488164862747,0.523651910663,1.07269480174
484,13,265,10,13265,Georgia,GA,est72015,"July 1, 2015","Taliaferro County, Georgia",615.0,920.0,2.0,9.0,0.0,66.0,27.0,1024.0,1639,0.624771201952,minority,833.0,806.0,0.488154298664,0.534729955975,1.09541175288
487,13,271,08,13271,Georgia,GA,est72015,"July 1, 2015","Telfair County, Georgia",8071.0,5727.0,14.0,115.0,4.0,2308.0,161.0,8329.0,16400,0.507865853659,minority,6745.0,9655.0,0.500223839392,0.604211153195,1.20788156344
488,13,273,02,13273,Georgia,GA,est72015,"July 1, 2015","Terrell County, Georgia",3300.0,5398.0,24.0,42.0,2.0,218.0,129.0,5813.0,9113,0.637879951717,minority,4736.0,4377.0,0.489447394172,0.510990107456,1.04401435893
502,13,301,10,13301,Georgia,GA,est72015,"July 1, 2015","Warren County, Georgia",2079.0,3217.0,20.0,25.0,0.0,58.0,61.0,3381.0,5460,0.619230769231,minority,2901.0,2559.0,0.491828231298,0.50232811512,1.0213486806
503,13,303,10,13303,Georgia,GA,est72015,"July 1, 2015","Washington County, Georgia",9016.0,10970.0,22.0,124.0,3.0,464.0,217.0,11800.0,20816,0.566871637202,minority,10190.0,10626.0,0.509022270452,0.528847248118,1.0389471715
513,15,001,02,15001,Hawaii,HI,est72015,"July 1, 2015","Hawaii County, Hawaii",60034.0,1562.0,795.0,40589.0,23186.0,12347.0,57915.0,136394.0,196428,0.694371474535,minority,97999.0,98429.0,0.747303491406,0.758100218596,1.01444758029
514,15,003,"01, 02",15003,Hawaii,HI,est72015,"July 1, 2015","Honolulu County, Hawaii",194737.0,30411.0,2228.0,409456.0,86652.0,59850.0,215380.0,803977.0,998714,0.805012245748,minority,490787.0,507927.0,0.688715721325,0.720650753126,1.0463689601
515,15,005,02,15005,Hawaii,HI,est72015,"July 1, 2015","Kalawao County, Hawaii",24.0,0.0,0.0,7.0,43.0,1.0,14.0,65.0,89,0.730337078652,minority,47.0,42.0,0.653602853746,0.662795101629,1.01406396534
516,15,007,02,15007,Hawaii,HI,est72015,"July 1, 2015","Kauai County, Hawaii",21560.0,483.0,208.0,21392.0,5972.0,4515.0,17605.0,50175.0,71735,0.699449362236,minority,35710.0,36025.0,0.721304794663,0.738765930402,1.02420770785
517,15,009,02,15009,Hawaii,HI,est72015,"July 1, 2015","Maui County, Hawaii",51222.0,1426.0,522.0,45347.0,16389.0,11444.0,38287.0,113415.0,164637,0.688879170539,minority,81688.0,82949.0,0.734458712793,0.750308818872,1.02158066315
577,17,031,"01, 02, 03, 04, 05, 06, 07, 08, 09, 10, 11",17031,Illinois,IL,est72015,"July 1, 2015","Cook County, Illinois",2233651.0,1226089.0,6392.0,378722.0,1096.0,1294856.0,97410.0,3004565.0,5238216,0.573585548973,minority,2697675.0,2540541.0,0.659355350052,0.697868574964,1.05841042301
882,20,055,01,20055,Kansas,KS,est72015,"July 1, 2015","Finney County, Kansas",16037.0,866.0,174.0,1589.0,11.0,17887.0,554.0,21081.0,37118,0.5679454712,minority,18153.0,18965.0,0.555729939544,0.593150035558,1.06733503695
883,20,057,01,20057,Kansas,KS,est72015,"July 1, 2015","Ford County, Kansas",14214.0,788.0,138.0,496.0,53.0,18246.0,601.0,20322.0,34536,0.588429464906,minority,16683.0,17853.0,0.534735660731,0.565899198638,1.05827839846
942,20,175,01,20175,Kansas,KS,est72015,"July 1, 2015","Seward County, Kansas",7455.0,739.0,91.0,691.0,30.0,13699.0,447.0,15697.0,23152,0.677997581202,minority,11185.0,11967.0,0.583067726748,0.564680015099,0.968463849385
959,20,209,03,20209,Kansas,KS,est72015,"July 1, 2015","Wyandotte County, Kansas",68775.0,37973.0,756.0,6410.0,191.0,44132.0,5132.0,94594.0,163369,0.579020499605,minority,82390.0,80979.0,0.6258067524,0.695494206901,1.11135618821
1088,22,017,04,22017,Louisiana,LA,est72015,"July 1, 2015","Caddo Parish, Louisiana",115685.0,120893.0,971.0,3155.0,141.0,6806.0,3809.0,135775.0,251460,0.539946711207,minority,131997.0,119463.0,0.525957865736,0.551524273299,1.04860923133
1093,22,027,04,22027,Louisiana,LA,est72015,"July 1, 2015","Claiborne Parish, Louisiana",7437.0,8195.0,77.0,139.0,2.0,232.0,213.0,8858.0,16295,0.543602332004,minority,7097.0,9198.0,0.509893250353,0.534672558111,1.04859704995
1096,22,033,"02, 06",22033,Louisiana,LA,est72015,"July 1, 2015","East Baton Rouge Parish, Louisiana",203320.0,204123.0,978.0,14966.0,100.0,17211.0,6055.0,243433.0,446753,0.54489393468,minority,232767.0,213986.0,0.532660606581,0.577081884685,1.0833950879
1097,22,035,05,22035,Louisiana,LA,est72015,"July 1, 2015","East Carroll Parish, Louisiana",2117.0,4889.0,19.0,44.0,0.0,145.0,93.0,5190.0,7307,0.710277815793,minority,3362.0,3945.0,0.449573605677,0.457801605296,1.01830178532
1103,22,047,"02, 06",22047,Louisiana,LA,est72015,"July 1, 2015","Iberville Parish, Louisiana",15792.0,15985.0,72.0,151.0,11.0,785.0,299.0,17303.0,33095,0.522828221786,minority,16236.0,16859.0,0.514867239196,0.532319236177,1.03389611079
1112,22,065,05,22065,Louisiana,LA,est72015,"July 1, 2015","Madison Parish, Louisiana",4017.0,7113.0,26.0,34.0,2.0,209.0,113.0,7497.0,11514,0.651120375195,minority,5768.0,5746.0,0.497753094016,0.491247638868,0.986930357187
1113,22,067,05,22067,Louisiana,LA,est72015,"July 1, 2015","Morehouse Parish, Louisiana",13017.0,12550.0,48.0,125.0,19.0,306.0,330.0,13378.0,26395,0.506838416367,minority,13698.0,12697.0,0.503222727797,0.525751828083,1.04476963985
1115,22,071,"01, 02",22071,Louisiana,LA,est72015,"July 1, 2015","Orleans Parish, Louisiana",122060.0,227767.0,869.0,11928.0,157.0,20836.0,6000.0,267557.0,389617,0.686717982018,minority,203959.0,185658.0,0.468164424724,0.543130148888,1.16012691312
1125,22,091,"05, 06",22091,Louisiana,LA,est72015,"July 1, 2015","St. Helena Parish, Louisiana",4669.0,5533.0,37.0,10.0,2.0,142.0,174.0,5898.0,10567,0.558152739661,minority,5425.0,5142.0,0.510171471787,0.525175247636,1.02940928037
1126,22,093,02,22093,Louisiana,LA,est72015,"July 1, 2015","St. James Parish, Louisiana",10379.0,10536.0,53.0,58.0,4.0,374.0,163.0,11188.0,21567,0.518755506097,minority,11168.0,10399.0,0.508428595923,0.527075308061,1.03667518367
1127,22,095,"02, 06",22095,Louisiana,LA,est72015,"July 1, 2015","St. John the Baptist Parish, Louisiana",16120.0,23989.0,124.0,314.0,146.0,2396.0,537.0,27506.0,43626,0.630495576033,minority,22423.0,21203.0,0.53561468148,0.548267232381,1.0236224871
1133,22,107,05,22107,Louisiana,LA,est72015,"July 1, 2015","Tensas Parish, Louisiana",1989.0,2589.0,6.0,9.0,0.0,83.0,64.0,2751.0,4740,0.580379746835,minority,2438.0,2302.0,0.507300177819,0.520620313694,1.0262569115
1167,24,017,05,24017,Maryland,MD,est72015,"July 1, 2015","Charles County, Maryland",67495.0,68535.0,959.0,5096.0,145.0,7934.0,5954.0,88623.0,156118,0.567666764883,minority,80892.0,75226.0,0.475084783042,0.604206201817,1.27178605458
1174,24,031,"03, 06, 08",24031,Maryland,MD,est72015,"July 1, 2015","Montgomery County, Maryland",470176.0,184875.0,1787.0,158219.0,460.0,190209.0,34390.0,569940.0,1040116,0.547958112364,minority,538822.0,501294.0,0.590973619817,0.704471727875,1.19205274864
1175,24,033,"04, 05",24033,Maryland,MD,est72015,"July 1, 2015","Prince George's County, Maryland",126744.0,565244.0,2208.0,40874.0,421.0,150184.0,23860.0,782791.0,909535,0.860649672635,minority,471291.0,438244.0,0.527643924251,0.537715799931,1.01908839507
1183,24,510,"02, 03, 07",24510,Maryland,MD,est72015,"July 1, 2015","Baltimore city, Maryland",175723.0,386127.0,1782.0,16939.0,255.0,28220.0,12803.0,446126.0,621849,0.717418537298,minority,328776.0,293073.0,0.482921729663,0.519191104603,1.07510404422
1196,25,025,"05, 07, 08",25025,Massachusetts,MA,est72015,"July 1, 2015","Suffolk County, Massachusetts",359368.0,160104.0,1605.0,69264.0,511.0,162803.0,24466.0,418753.0,778121,0.538159232304,minority,401172.0,376949.0,0.630019961126,0.683744299243,1.08527402532
1279,26,163,"11, 12, 13, 14",26163,Michigan,MI,est72015,"July 1, 2015","Wayne County, Michigan",878961.0,679755.0,5870.0,55318.0,230.0,97052.0,42149.0,880374.0,1759335,0.500401572185,minority,913210.0,846125.0,0.560583540368,0.591767138086,1.05562703054
1324,27,087,07,27087,Minnesota,MN,est72015,"July 1, 2015","Mahnomen County, Minnesota",2566.0,23.0,2191.0,9.0,2.0,174.0,492.0,2891.0,5457,0.529778266447,minority,2705.0,2752.0,0.517339497067,0.588684449621,1.13790741468
1368,28,001,03,28001,Mississippi,MS,est72015,"July 1, 2015","Adams County, Mississippi",11809.0,16409.0,81.0,161.0,5.0,2470.0,319.0,19445.0,31254,0.622160363473,minority,15469.0,15785.0,0.512419610263,0.567228951263,1.10696183343
1373,28,011,02,28011,Mississippi,MS,est72015,"July 1, 2015","Bolivar County, Mississippi",10869.0,21195.0,51.0,251.0,13.0,712.0,231.0,22453.0,33322,0.673819098493,minority,17725.0,15597.0,0.465486715888,0.481289646068,1.03394926136
1378,28,021,02,28021,Mississippi,MS,est72015,"July 1, 2015","Claiborne County, Mississippi",1211.0,7671.0,9.0,66.0,4.0,113.0,76.0,7939.0,9150,0.867650273224,minority,4829.0,4321.0,0.268406316526,0.266630177857,0.993382649513
1380,28,025,01,28025,Mississippi,MS,est72015,"July 1, 2015","Clay County, Mississippi",7930.0,11669.0,31.0,46.0,3.0,228.0,141.0,12118.0,20048,0.604449321628,minority,10628.0,9420.0,0.501390428226,0.499707476057,0.9966434298
1381,28,027,02,28027,Mississippi,MS,est72015,"July 1, 2015","Coahoma County, Mississippi",5460.0,18468.0,29.0,136.0,4.0,339.0,184.0,19160.0,24620,0.778229082047,minority,13254.0,11366.0,0.433430041157,0.380358637064,0.877554855332
1382,28,029,02,28029,Mississippi,MS,est72015,"July 1, 2015","Copiah County, Mississippi",12856.0,14651.0,54.0,107.0,6.0,801.0,298.0,15917.0,28773,0.553192228826,minority,14861.0,13912.0,0.51409339631,0.534060660563,1.03883976024
1392,28,049,"02, 03",28049,Mississippi,MS,est72015,"July 1, 2015","Hinds County, Mississippi",62587.0,171821.0,268.0,2115.0,30.0,3794.0,2276.0,180304.0,242891,0.742324746491,minority,129356.0,113535.0,0.486799887749,0.427039295806,0.877237868277
1393,28,051,02,28051,Mississippi,MS,est72015,"July 1, 2015","Holmes County, Mississippi",2990.0,14938.0,22.0,92.0,1.0,174.0,123.0,15350.0,18340,0.836968375136,minority,9615.0,8725.0,0.337436794886,0.300017675012,0.889107766429
1394,28,053,02,28053,Mississippi,MS,est72015,"July 1, 2015","Humphreys County, Mississippi",1884.0,6421.0,10.0,28.0,0.0,217.0,109.0,6785.0,8669,0.78267389549,minority,4604.0,4065.0,0.415180548044,0.387323704578,0.932904266357
1395,28,055,02,28055,Mississippi,MS,est72015,"July 1, 2015","Issaquena County, Mississippi",459.0,852.0,3.0,8.0,0.0,12.0,3.0,878.0,1337,0.656694091249,minority,565.0,772.0,0.475518204734,0.472152963046,0.992923001362
1398,28,061,03,28061,Mississippi,MS,est72015,"July 1, 2015","Jasper County, Mississippi",7553.0,8616.0,23.0,43.0,4.0,200.0,130.0,9016.0,16569,0.544148711449,minority,8477.0,8092.0,0.506376499358,0.517657635513,1.02227815898
1399,28,063,02,28063,Mississippi,MS,est72015,"July 1, 2015","Jefferson County, Mississippi",1069.0,6340.0,16.0,6.0,1.0,38.0,37.0,6438.0,7507,0.857599573731,minority,3810.0,3697.0,0.235319443506,0.26024037051,1.10590254095
1400,28,065,03,28065,Mississippi,MS,est72015,"July 1, 2015","Jefferson Davis County, Mississippi",4473.0,6891.0,32.0,34.0,1.0,120.0,114.0,7192.0,11665,0.616545220746,minority,6107.0,5558.0,0.497107658797,0.499393406651,1.00459809422
1402,28,069,03,28069,Mississippi,MS,est72015,"July 1, 2015","Kemper County, Mississippi",3384.0,6044.0,349.0,34.0,0.0,73.0,85.0,6585.0,9969,0.660547697863,minority,4954.0,5015.0,0.508691170858,0.511118963592,1.00477262605
1407,28,079,02,28079,Mississippi,MS,est72015,"July 1, 2015","Leake County, Mississippi",10810.0,9410.0,1348.0,55.0,4.0,904.0,232.0,11953.0,22763,0.525106532531,minority,11072.0,11691.0,0.548581414959,0.592679014434,1.08038478569
1409,28,083,02,28083,Mississippi,MS,est72015,"July 1, 2015","Leflore County, Mississippi",7268.0,22468.0,33.0,221.0,2.0,767.0,240.0,23731.0,30999,0.765540823898,minority,16064.0,14935.0,0.449042248225,0.408294092405,0.909255407523
1414,28,093,01,28093,Mississippi,MS,est72015,"July 1, 2015","Marshall County, Mississippi",17119.0,17053.0,86.0,105.0,8.0,1212.0,333.0,18797.0,35916,0.523360062368,minority,18189.0,17727.0,0.515320260095,0.541259602319,1.05033635243
1419,28,103,03,28103,Mississippi,MS,est72015,"July 1, 2015","Noxubee County, Mississippi",2891.0,7861.0,24.0,26.0,2.0,143.0,96.0,8152.0,11043,0.738205197863,minority,5756.0,5287.0,0.431742080371,0.419961137884,0.972713008478
1421,28,107,02,28107,Mississippi,MS,est72015,"July 1, 2015","Panola County, Mississippi",16180.0,16919.0,78.0,75.0,5.0,538.0,372.0,17987.0,34167,0.526443644452,minority,17723.0,16444.0,0.513720286876,0.525488874778,1.02290855199
1424,28,113,03,28113,Mississippi,MS,est72015,"July 1, 2015","Pike County, Mississippi",17739.0,20974.0,134.0,240.0,4.0,547.0,318.0,22217.0,39956,0.556036640304,minority,21010.0,18946.0,0.513436143321,0.522048300492,1.01677357016
1427,28,119,02,28119,Mississippi,MS,est72015,"July 1, 2015","Quitman County, Mississippi",2080.0,5185.0,15.0,20.0,3.0,81.0,102.0,5406.0,7486,0.722148009618,minority,3949.0,3537.0,0.436418585948,0.438108105844,1.00387132893
1429,28,123,03,28123,Mississippi,MS,est72015,"July 1, 2015","Scott County, Mississippi",14114.0,10488.0,92.0,97.0,26.0,3088.0,360.0,14151.0,28265,0.500654519724,minority,14446.0,13819.0,0.544233660115,0.594573165287,1.09249612595
1430,28,125,02,28125,Mississippi,MS,est72015,"July 1, 2015","Sharkey County, Mississippi",1280.0,3167.0,3.0,15.0,0.0,83.0,37.0,3305.0,4585,0.720828789531,minority,2492.0,2093.0,0.432903460971,0.435733003329,1.00653619713
1434,28,133,02,28133,Mississippi,MS,est72015,"July 1, 2015","Sunflower County, Mississippi",6699.0,19572.0,49.0,100.0,12.0,421.0,152.0,20306.0,27005,0.751934826884,minority,12848.0,14157.0,0.427799159588,0.40472535078,0.946063922075
1435,28,135,02,28135,Mississippi,MS,est72015,"July 1, 2015","Tallahatchie County, Mississippi",5250.0,8119.0,37.0,127.0,12.0,895.0,148.0,9338.0,14588,0.640115163148,minority,6415.0,8173.0,0.491712815561,0.549826312084,1.1181858489
1439,28,143,02,28143,Mississippi,MS,est72015,"July 1, 2015","Tunica County, Mississippi",2092.0,7784.0,19.0,94.0,4.0,245.0,105.0,8251.0,10343,0.797737600309,minority,5491.0,4852.0,0.431653598995,0.384867545685,0.891612039332
1442,28,149,02,28149,Mississippi,MS,est72015,"July 1, 2015","Warren County, Mississippi",22688.0,22845.0,107.0,406.0,6.0,962.0,471.0,24797.0,47485,0.522207012741,minority,24886.0,22599.0,0.514903267999,0.535156657977,1.03933435897
1443,28,151,02,28151,Mississippi,MS,est72015,"July 1, 2015","Washington County, Mississippi",12589.0,34147.0,63.0,346.0,9.0,655.0,321.0,35541.0,48130,0.738437564928,minority,25649.0,22481.0,0.466452157218,0.420794274462,0.902116686461
1446,28,157,03,28157,Mississippi,MS,est72015,"July 1, 2015","Wilkinson County, Mississippi",2619.0,6362.0,18.0,18.0,0.0,53.0,52.0,6503.0,9122,0.712891909669,minority,4236.0,4886.0,0.436817340478,0.427178001885,0.977932793185
1449,28,163,02,28163,Mississippi,MS,est72015,"July 1, 2015","Yazoo County, Mississippi",9884.0,15546.0,63.0,148.0,4.0,1466.0,276.0,17503.0,27387,0.639098842517,minority,12304.0,15083.0,0.537368540347,0.53712630924,0.999549227228
1564,29,510,01,29510,Missouri,MO,est72015,"July 1, 2015","St. Louis city, Missouri",138982.0,146673.0,658.0,10124.0,86.0,11640.0,7522.0,176703.0,315685,0.559744682199,minority,162878.0,152807.0,0.546472845691,0.582331295348,1.06561798988
1651,31,173,01,31173,Nebraska,NE,est72015,"July 1, 2015","Thurston County, Nebraska",2728.0,45.0,3778.0,31.0,1.0,316.0,165.0,4336.0,7064,0.613816534541,minority,3598.0,3466.0,0.520366427554,0.533263558171,1.02478470926
1659,32,003,"01, 03, 04",32003,Nevada,NV,est72015,"July 1, 2015","Clark County, Nevada",941727.0,227042.0,9667.0,204042.0,14168.0,624977.0,93178.0,1173074.0,2114801,0.554697108617,minority,1058296.0,1056505.0,0.575347442701,0.696739542843,1.21098920606
1690,34,011,02,34011,New Jersey,NJ,est72015,"July 1, 2015","Cumberland County, New Jersey",73781.0,29508.0,1076.0,2090.0,43.0,44958.0,4398.0,82073.0,155854,0.526601819652,minority,75563.0,80291.0,0.581730291067,0.660566259444,1.13551979257
1691,34,013,"07, 08, 10, 11",34013,New Jersey,NJ,est72015,"July 1, 2015","Essex County, New Jersey",254062.0,308685.0,1564.0,42396.0,316.0,171834.0,18577.0,543372.0,797434,0.6814005924,minority,414055.0,383379.0,0.646978007036,0.683742647449,1.056825178
1693,34,017,"08, 09, 10",34017,New Jersey,NJ,est72015,"July 1, 2015","Hudson County, New Jersey",196547.0,74741.0,1036.0,102804.0,349.0,281934.0,17425.0,478289.0,674836,0.708748495931,minority,339133.0,335703.0,0.700429610387,0.72963794973,1.04170060618
1696,34,023,"06, 12",34023,New Jersey,NJ,est72015,"July 1, 2015","Middlesex County, New Jersey",373735.0,79237.0,1341.0,204007.0,224.0,164978.0,17378.0,467165.0,840900,0.555553573552,minority,426973.0,413927.0,0.564997129771,0.69660345331,1.2329327294
1700,34,031,"05, 09, 11",34031,New Jersey,NJ,est72015,"July 1, 2015","Passaic County, New Jersey",215954.0,54608.0,839.0,28202.0,108.0,197941.0,13264.0,294962.0,510916,0.577319950833,minority,262000.0,248916.0,0.627001706607,0.679003689449,1.08293754593
1704,34,039,"07, 08, 10, 12",34039,New Jersey,NJ,est72015,"July 1, 2015","Union County, New Jersey",231010.0,117287.0,599.0,29598.0,158.0,166026.0,11108.0,324776.0,555786,0.584354409791,minority,284583.0,271203.0,0.616642455615,0.693564898089,1.1247439935
1706,35,001,"01, 02, 03",35001,New Mexico,NM,est72015,"July 1, 2015","Bernalillo County, New Mexico",268998.0,16994.0,28262.0,16858.0,408.0,324794.0,20371.0,407687.0,676685,0.602476780186,minority,344757.0,331928.0,0.597048191119,0.625912239613,1.04834458746
1708,35,005,02,35005,New Mexico,NM,est72015,"July 1, 2015","Chaves County, New Mexico",26555.0,1040.0,555.0,497.0,60.0,35850.0,1207.0,39209.0,65764,0.596207651603,minority,32958.0,32806.0,0.543498705122,0.560525834304,1.03132873919
1709,35,006,02,35006,New Mexico,NM,est72015,"July 1, 2015","Cibola County, New Mexico",5598.0,306.0,10560.0,151.0,21.0,10094.0,599.0,21731.0,27329,0.795162647737,minority,13332.0,13997.0,0.669747332683,0.666354816865,0.994934633328
1710,35,007,03,35007,New Mexico,NM,est72015,"July 1, 2015","Colfax County, New Mexico",5817.0,69.0,143.0,65.0,11.0,6038.0,271.0,6597.0,12414,0.531416143064,minority,6132.0,6282.0,0.530304231235,0.554195031596,1.04505112151
1711,35,009,03,35009,New Mexico,NM,est72015,"July 1, 2015","Curry County, New Mexico",24791.0,2790.0,318.0,797.0,75.0,20135.0,1492.0,25607.0,50398,0.508095559348,minority,24213.0,26185.0,0.562213634834,0.608975051585,1.08317375078
1713,35,013,02,35013,New Mexico,NM,est72015,"July 1, 2015","Doña Ana County, New Mexico",61046.0,3175.0,1730.0,2358.0,161.0,141806.0,4019.0,153249.0,214295,0.71513101099,minority,108683.0,105612.0,0.509756908627,0.505998295108,0.992626655068
1714,35,015,02,35015,New Mexico,NM,est72015,"July 1, 2015","Eddy County, New Mexico",27916.0,781.0,597.0,405.0,28.0,26858.0,993.0,29662.0,57578,0.515162041057,minority,28406.0,29172.0,0.523925474276,0.561699767464,1.07209859998
1715,35,017,02,35017,New Mexico,NM,est72015,"July 1, 2015","Grant County, New Mexico",13336.0,232.0,253.0,194.0,34.0,13953.0,607.0,15273.0,28609,0.533852983327,minority,14504.0,14105.0,0.534419540394,0.553168147054,1.03508218776
1716,35,019,02,35019,New Mexico,NM,est72015,"July 1, 2015","Guadalupe County, New Mexico",709.0,72.0,57.0,40.0,0.0,3417.0,76.0,3662.0,4371,0.837794555022,minority,1886.0,2485.0,0.329563891208,0.387144872716,1.17471872084
1718,35,023,02,35023,New Mexico,NM,est72015,"July 1, 2015","Hidalgo County, New Mexico",1772.0,39.0,20.0,25.0,2.0,2506.0,59.0,2651.0,4423,0.599366945512,minority,2193.0,2230.0,0.514422981263,0.530962032251,1.03215068454
1719,35,025,02,35025,New Mexico,NM,est72015,"July 1, 2015","Lea County, New Mexico",26641.0,2617.0,538.0,376.0,40.0,39831.0,1137.0,44539.0,71180,0.625723517842,minority,34497.0,36683.0,0.554585920066,0.563629571997,1.01630703486
1722,35,029,02,35029,New Mexico,NM,est72015,"July 1, 2015","Luna County, New Mexico",7692.0,219.0,180.0,154.0,6.0,15878.0,389.0,16826.0,24518,0.686271310874,minority,12235.0,12283.0,0.521875550299,0.508208729015,0.973812106592
1723,35,031,"02, 03",35031,New Mexico,NM,est72015,"July 1, 2015","McKinley County, New Mexico",7111.0,695.0,56139.0,634.0,23.0,10116.0,1990.0,69597.0,76708,0.907297804662,minority,39879.0,36829.0,0.403164956398,0.375908617267,0.932394076672
1724,35,033,03,35033,New Mexico,NM,est72015,"July 1, 2015","Mora County, New Mexico",828.0,17.0,24.0,13.0,1.0,3637.0,76.0,3768.0,4596,0.819843342037,minority,2198.0,2398.0,0.31795374425,0.380327391949,1.19617208109
1725,35,035,02,35035,New Mexico,NM,est72015,"July 1, 2015","Otero County, New Mexico",32070.0,2247.0,3781.0,846.0,137.0,23523.0,1758.0,32292.0,64362,0.501724620117,minority,31327.0,33035.0,0.581379708956,0.622562501364,1.07083630848
1727,35,039,03,35039,New Mexico,NM,est72015,"July 1, 2015","Rio Arriba County, New Mexico",5131.0,165.0,5521.0,155.0,11.0,27763.0,719.0,34334.0,39465,0.869986063601,minority,20043.0,19422.0,0.465666554529,0.515641965751,1.10732016447
1729,35,043,"01, 03",35043,New Mexico,NM,est72015,"July 1, 2015","Sandoval County, New Mexico",62427.0,2818.0,16969.0,1931.0,149.0,51146.0,3954.0,76967.0,139394,0.55215432515,minority,70918.0,68476.0,0.631560773684,0.654960157578,1.03705009062
1730,35,045,03,35045,New Mexico,NM,est72015,"July 1, 2015","San Juan County, New Mexico",48954.0,927.0,41999.0,664.0,74.0,22899.0,3220.0,69783.0,118737,0.58771065464,minority,59849.0,58888.0,0.622377703875,0.654960216178,1.05235167022
1731,35,047,03,35047,New Mexico,NM,est72015,"July 1, 2015","San Miguel County, New Mexico",5159.0,420.0,281.0,277.0,23.0,21271.0,536.0,22808.0,27967,0.815532591983,minority,14210.0,13757.0,0.382041448949,0.421274430271,1.10269299687
1732,35,049,"01, 03",35049,New Mexico,NM,est72015,"July 1, 2015","Santa Fe County, New Mexico",63968.0,1251.0,3645.0,1893.0,91.0,74770.0,3068.0,84718.0,148686,0.569777921257,minority,76394.0,72292.0,0.559316204501,0.576102595931,1.03001234596
1734,35,053,02,35053,New Mexico,NM,est72015,"July 1, 2015","Socorro County, New Mexico",6098.0,168.0,2013.0,193.0,4.0,8363.0,417.0,11158.0,17256,0.646615669912,minority,8475.0,8781.0,0.618876934132,0.638989170047,1.03249795687
1735,35,055,03,35055,New Mexico,NM,est72015,"July 1, 2015","Taos County, New Mexico",11852.0,153.0,1777.0,252.0,10.0,18030.0,833.0,21055.0,32907,0.639833470082,minority,16856.0,16051.0,0.555969200355,0.584062806682,1.05053086809
1738,35,061,"01, 02",35061,New Mexico,NM,est72015,"July 1, 2015","Valencia County, New Mexico",25573.0,810.0,2709.0,421.0,45.0,44480.0,1699.0,50164.0,75737,0.662344692819,minority,37651.0,38086.0,0.554909110007,0.564103952369,1.01656999713
1741,36,005,"13, 14, 15, 16",36005,New York,NY,est72015,"July 1, 2015","Bronx County, New York",146572.0,429792.0,3938.0,58030.0,739.0,766549.0,49824.0,1308872.0,1455444,0.899293961155,minority,768239.0,687205.0,0.65924824054,0.657045550153,0.99665878458
1762,36,047,"07, 08, 09, 10, 11, 12",36047,New York,NY,est72015,"July 1, 2015","Kings County, New York",945482.0,805896.0,4951.0,322242.0,892.0,493339.0,63933.0,1691253.0,2636735,0.641419406956,minority,1386049.0,1250686.0,0.686202899997,0.712427817789,1.03821743947
1769,36,061,"07, 10, 12, 13",36061,New York,NY,est72015,"July 1, 2015","New York County, New York",769691.0,208012.0,2349.0,205148.0,694.0,405455.0,53169.0,874827.0,1644518,0.531965597215,minority,865862.0,778656.0,0.686363699231,0.692013607236,1.00823165329
1779,36,081,"03, 05, 06, 07, 08, 12, 14",36081,New York,NY,est72015,"July 1, 2015","Queens County, New York",602579.0,417924.0,7801.0,606575.0,2601.0,635239.0,66431.0,1736571.0,2339150,0.74239403202,minority,1203768.0,1135382.0,0.7479548557,0.764604163845,1.0222597768
1804,37,007,08,37007,North Carolina,NC,est72015,"July 1, 2015","Anson County, North Carolina",11559.0,12533.0,155.0,260.0,4.0,916.0,332.0,14200.0,25759,0.551263636011,minority,12217.0,13542.0,0.520084233448,0.555928944431,1.06892097218
1808,37,015,01,37015,North Carolina,NC,est72015,"July 1, 2015","Bertie County, North Carolina",7050.0,12350.0,101.0,124.0,4.0,327.0,243.0,13149.0,20199,0.650972820437,minority,9890.0,10309.0,0.47914248477,0.498588941011,1.04058595691
1826,37,051,"02, 04, 07",37051,North Carolina,NC,est72015,"July 1, 2015","Cumberland County, North Carolina",144401.0,117194.0,4616.0,8472.0,1081.0,33827.0,14247.0,179437.0,323838,0.554094948709,minority,165465.0,158373.0,0.588688447133,0.642445814754,1.09131717784
1832,37,063,"01, 04, 06, 13",37063,North Carolina,NC,est72015,"July 1, 2015","Durham County, North Carolina",127234.0,111550.0,903.0,14852.0,166.0,38941.0,7306.0,173718.0,300952,0.577228262314,minority,156677.0,144275.0,0.602458086465,0.65632066469,1.08940468961
1833,37,065,"01, 13",37065,North Carolina,NC,est72015,"July 1, 2015","Edgecombe County, North Carolina",19950.0,30914.0,208.0,143.0,110.0,2215.0,610.0,34200.0,54150,0.631578947368,minority,29101.0,25049.0,0.511886023415,0.529632031408,1.0346678893
1840,37,079,"01, 03",37079,North Carolina,NC,est72015,"July 1, 2015","Greene County, North Carolina",10043.0,7572.0,117.0,88.0,7.0,3055.0,252.0,11091.0,21134,0.524794170531,minority,9570.0,11564.0,0.570898155914,0.623431506117,1.09201877718
1842,37,083,01,37083,North Carolina,NC,est72015,"July 1, 2015","Halifax County, North Carolina",20443.0,27557.0,1958.0,381.0,9.0,1423.0,685.0,32013.0,52456,0.610282903767,minority,27348.0,25108.0,0.541869028463,0.563014843041,1.03902384795
1846,37,091,01,37091,North Carolina,NC,est72015,"July 1, 2015","Hertford County, North Carolina",8210.0,14442.0,240.0,178.0,2.0,806.0,306.0,15974.0,24184,0.660519351637,minority,12200.0,11984.0,0.504232497025,0.519611711525,1.03050024461
1847,37,093,"02, 07",37093,North Carolina,NC,est72015,"July 1, 2015","Hoke County, North Carolina",21783.0,17245.0,4416.0,760.0,137.0,6196.0,2134.0,30888.0,52671,0.586432761861,minority,26610.0,26061.0,0.664180496111,0.690067508496,1.03897586957
1854,37,107,"01, 03, 07",37107,North Carolina,NC,est72015,"July 1, 2015","Lenoir County, North Carolina",28842.0,23444.0,193.0,392.0,25.0,4471.0,739.0,29264.0,58106,0.503631294531,minority,30279.0,27827.0,0.525858124777,0.580010229254,1.10297854483
1860,37,119,"08, 09, 12",37119,North Carolina,NC,est72015,"July 1, 2015","Mecklenburg County, North Carolina",499715.0,320889.0,3298.0,57636.0,617.0,128395.0,23520.0,534355.0,1034070,0.516749349657,minority,536856.0,497214.0,0.54098094926,0.644682992722,1.19169259769
1866,37,131,01,37131,North Carolina,NC,est72015,"July 1, 2015","Northampton County, North Carolina",7815.0,11815.0,103.0,47.0,1.0,408.0,237.0,12611.0,20426,0.617399392931,minority,10512.0,9914.0,0.493116438187,0.512358029399,1.03902038083
1878,37,155,"07, 08",37155,North Carolina,NC,est72015,"July 1, 2015","Robeson County, North Carolina",35526.0,32028.0,51503.0,845.0,98.0,10643.0,3554.0,98671.0,134197,0.735269789936,minority,69477.0,64720.0,0.692026813672,0.705069327318,1.01884683279
1883,37,165,08,37165,North Carolina,NC,est72015,"July 1, 2015","Scotland County, North Carolina",15824.0,13749.0,3875.0,291.0,10.0,970.0,790.0,19685.0,35509,0.554366498634,minority,17912.0,17597.0,0.589761324995,0.633711624061,1.07452217906
1891,37,181,"01, 13",37181,North Carolina,NC,est72015,"July 1, 2015","Vance County, North Carolina",18144.0,22321.0,104.0,213.0,17.0,3140.0,629.0,26424.0,44568,0.592891760905,minority,23733.0,20835.0,0.547750752313,0.56864608927,1.03814752763
1893,37,185,01,37185,North Carolina,NC,est72015,"July 1, 2015","Warren County, North Carolina",7752.0,10216.0,1004.0,71.0,4.0,768.0,340.0,12403.0,20155,0.615380798809,minority,10026.0,10129.0,0.548991240643,0.582302872111,1.06067789247
1894,37,187,"01, 03",37187,North Carolina,NC,est72015,"July 1, 2015","Washington County, North Carolina",5547.0,5932.0,21.0,52.0,1.0,610.0,222.0,6838.0,12385,0.552119499394,minority,6581.0,5804.0,0.529092574844,0.55676930862,1.05230981324
1898,37,195,"01, 13",37195,North Carolina,NC,est72015,"July 1, 2015","Wilson County, North Carolina",39246.0,31927.0,217.0,800.0,99.0,8206.0,1219.0,42468.0,81714,0.519715103899,minority,42947.0,38767.0,0.553288531126,0.59952809649,1.08357224624
1989,40,001,02,40001,Oklahoma,OK,est72015,"July 1, 2015","Adair County, Oklahoma",9135.0,111.0,9045.0,127.0,2.0,1332.0,2252.0,12869.0,22004,0.584848209416,minority,10913.0,11091.0,0.582160051162,0.617879424093,1.06135661981
1999,40,021,02,40021,Oklahoma,OK,est72015,"July 1, 2015","Cherokee County, Oklahoma",23729.0,717.0,16153.0,311.0,23.0,3006.0,4508.0,24718.0,48447,0.510207030363,minority,24630.0,23817.0,0.581052993997,0.623682560774,1.07336605648
2058,40,139,03,40139,Oklahoma,OK,est72015,"July 1, 2015","Texas County, Oklahoma",9888.0,638.0,172.0,563.0,22.0,9783.0,423.0,11601.0,21489,0.539857601564,minority,10032.0,11457.0,0.466355163924,0.599285607677,1.28504121759
2152,42,101,"01, 02, 13",42101,Pennsylvania,PA,est72015,"July 1, 2015","Philadelphia County, Pennsylvania",555554.0,645449.0,3552.0,113230.0,526.0,208935.0,40196.0,1011888.0,1567442,0.645566470721,minority,826527.0,740915.0,0.612641857006,0.661419564949,1.07961863426
2176,45,005,06,45005,South Carolina,SC,est72015,"July 1, 2015","Allendale County, South Carolina",2171.0,6844.0,24.0,43.0,3.0,267.0,81.0,7262.0,9433,0.769850524754,minority,4356.0,5077.0,0.419887679195,0.409998376759,0.976447743227
2178,45,009,06,45009,South Carolina,SC,est72015,"July 1, 2015","Bamberg County, South Carolina",5271.0,9052.0,44.0,71.0,7.0,282.0,153.0,9609.0,14880,0.645766129032,minority,7718.0,7162.0,0.476002136979,0.4969747865,1.04405999026
2187,45,027,06,45027,South Carolina,SC,est72015,"July 1, 2015","Clarendon County, South Carolina",16094.0,16104.0,74.0,218.0,7.0,959.0,319.0,17681.0,33775,0.523493708364,minority,17174.0,16601.0,0.518199225637,0.537807320233,1.03783891142
2190,45,033,07,45033,South Carolina,SC,est72015,"July 1, 2015","Dillon County, South Carolina",14506.0,14456.0,772.0,98.0,9.0,768.0,625.0,16728.0,31234,0.535570211949,minority,16460.0,14774.0,0.543144058586,0.563558830539,1.03758629342
2193,45,039,05,45039,South Carolina,SC,est72015,"July 1, 2015","Fairfield County, South Carolina",8728.0,13111.0,61.0,79.0,1.0,406.0,361.0,14019.0,22747,0.616301050688,minority,11901.0,10846.0,0.494976586414,0.514172882949,1.03878223145
2198,45,049,06,45049,South Carolina,SC,est72015,"July 1, 2015","Hampton County, South Carolina",8276.0,10579.0,63.0,112.0,9.0,780.0,230.0,11773.0,20049,0.587211332236,minority,9773.0,10276.0,0.516958610772,0.539793833781,1.04417224616
2200,45,053,06,45053,South Carolina,SC,est72015,"July 1, 2015","Jasper County, South Carolina",11695.0,11729.0,65.0,215.0,8.0,3745.0,367.0,16129.0,27824,0.579679413456,minority,13629.0,14195.0,0.553344482789,0.620522018969,1.12140273965
2204,45,061,05,45061,South Carolina,SC,est72015,"July 1, 2015","Lee County, South Carolina",5968.0,11218.0,52.0,73.0,3.0,388.0,194.0,11928.0,17896,0.666517657577,minority,8665.0,9231.0,0.474621432513,0.48790942093,1.02799702564
2206,45,065,03,45065,South Carolina,SC,est72015,"July 1, 2015","McCormick County, South Carolina",4793.0,4619.0,13.0,41.0,6.0,117.0,117.0,4913.0,9706,0.506181743252,minority,4394.0,5312.0,0.510203254036,0.526978136347,1.03287882266
2207,45,067,07,45067,South Carolina,SC,est72015,"July 1, 2015","Marion County, South Carolina",12471.0,17724.0,172.0,194.0,2.0,817.0,367.0,19276.0,31747,0.607175481148,minority,17141.0,14606.0,0.510858816431,0.524975566403,1.02763336859
2208,45,069,07,45069,South Carolina,SC,est72015,"July 1, 2015","Marlboro County, South Carolina",10883.0,13898.0,1192.0,117.0,4.0,872.0,528.0,16611.0,27494,0.604168182149,minority,12909.0,14585.0,0.54333568888,0.57907840169,1.06578384881
2211,45,075,"02, 06",45075,South Carolina,SC,est72015,"July 1, 2015","Orangeburg County, South Carolina",29996.0,54872.0,476.0,881.0,16.0,1759.0,1208.0,59212.0,89208,0.663752129854,minority,47527.0,41681.0,0.490845387915,0.499747127436,1.01813552646
2213,45,079,"02, 06",45079,South Carolina,SC,est72015,"July 1, 2015","Richland County, South Carolina",178141.0,187823.0,1043.0,10994.0,491.0,19750.0,8809.0,228910.0,407051,0.562361964471,minority,209436.0,197615.0,0.548244007491,0.581876248779,1.06134538787
2216,45,085,"05, 06",45085,South Carolina,SC,est72015,"July 1, 2015","Sumter County, South Carolina",49402.0,50079.0,382.0,1421.0,117.0,4112.0,1967.0,58078.0,107480,0.540360997395,minority,55622.0,51858.0,0.533958932565,0.56281296148,1.05403791782
2218,45,089,06,45089,South Carolina,SC,est72015,"July 1, 2015","Williamsburg County, South Carolina",10202.0,21022.0,112.0,162.0,3.0,705.0,329.0,22333.0,32535,0.686429998463,minority,16820.0,15715.0,0.452757010931,0.476552577622,1.05255703637
2257,47,075,08,47075,Tennessee,TN,est72015,"July 1, 2015","Haywood County, Tennessee",8139.0,8891.0,34.0,35.0,0.0,762.0,162.0,9884.0,18023,0.548410364534,minority,9634.0,8389.0,0.526054967476,0.545285473267,1.0365560768
2298,47,157,"08, 09",47157,Tennessee,TN,est72015,"July 1, 2015","Shelby County, Tennessee",345826.0,496489.0,1806.0,24229.0,242.0,55728.0,13749.0,592243.0,938069,0.631342683747,minority,491423.0,446646.0,0.54689612648,0.573504772304,1.04865392994
2316,48,003,11,48003,Texas,TX,est72015,"July 1, 2015","Andrews County, Texas",7327.0,278.0,110.0,129.0,1.0,9991.0,269.0,10778.0,18105,0.595305164319,minority,8840.0,9265.0,0.525464266713,0.543692095015,1.03468899687
2321,48,013,28,48013,Texas,TX,est72015,"July 1, 2015","Atascosa County, Texas",16543.0,457.0,169.0,192.0,19.0,30528.0,527.0,31892.0,48435,0.65844946836,minority,24313.0,24122.0,0.50970752666,0.502571369755,0.985999506518
2323,48,017,19,48017,Texas,TX,est72015,"July 1, 2015","Bailey County, Texas",2472.0,78.0,19.0,31.0,0.0,4541.0,69.0,4738.0,7210,0.657142857143,minority,3563.0,3647.0,0.531766485691,0.52632675533,0.989770452806
2327,48,025,34,48025,Texas,TX,est72015,"July 1, 2015","Bee County, Texas",10580.0,2688.0,79.0,177.0,15.0,18932.0,403.0,22294.0,32874,0.678165115289,minority,13076.0,19798.0,0.584970982309,0.56728043963,0.969758256027
2328,48,027,"25, 31",48027,Texas,TX,est72015,"July 1, 2015","Bell County, Texas",158960.0,70012.0,1685.0,9945.0,2250.0,77091.0,14998.0,175981.0,334941,0.525408952622,minority,167314.0,167627.0,0.599773956707,0.67334369117,1.12266243581
2329,48,029,"20, 21, 23, 28, 35",48029,Texas,TX,est72015,"July 1, 2015","Bexar County, Texas",545346.0,138115.0,4396.0,52023.0,2238.0,1113129.0,42506.0,1352407.0,1897753,0.712635943666,minority,963057.0,934696.0,0.585397117278,0.586491027573,1.00186866362
2334,48,039,"14, 22",48039,Texas,TX,est72015,"July 1, 2015","Brazoria County, Texas",170027.0,45264.0,1166.0,21803.0,132.0,101432.0,6488.0,176285.0,346312,0.509035205248,minority,170766.0,175546.0,0.513292579863,0.654900624667,1.27588172976
2338,48,047,15,48047,Texas,TX,est72015,"July 1, 2015","Brooks County, Texas",604.0,40.0,10.0,92.0,0.0,6451.0,33.0,6626.0,7230,0.916459197787,minority,3608.0,3622.0,0.171042289422,0.216403385781,1.26520398267
2342,48,055,"27, 35",48055,Texas,TX,est72015,"July 1, 2015","Caldwell County, Texas",16792.0,2484.0,119.0,348.0,7.0,20115.0,657.0,23730.0,40522,0.585607817975,minority,20108.0,20414.0,0.588190096322,0.593674986598,1.00932502997
2343,48,057,27,48057,Texas,TX,est72015,"July 1, 2015","Calhoun County, Texas",9466.0,559.0,53.0,1034.0,4.0,10525.0,254.0,12429.0,21895,0.567663850194,minority,10705.0,11190.0,0.561899863014,0.586908702244,1.04450764429
2345,48,061,34,48061,Texas,TX,est72015,"July 1, 2015","Cameron County, Texas",41252.0,1868.0,413.0,2779.0,103.0,373727.0,2014.0,380904.0,422156,0.902282568529,minority,218125.0,204031.0,0.279254451953,0.221941552994,0.794764600678
2349,48,069,19,48069,Texas,TX,est72015,"July 1, 2015","Castro County, Texas",2602.0,145.0,35.0,33.0,0.0,4764.0,77.0,5054.0,7656,0.66013584117,minority,3745.0,3911.0,0.540818574457,0.513791137725,0.950024947351
2354,48,079,19,48079,Texas,TX,est72015,"July 1, 2015","Cochran County, Texas",1081.0,123.0,16.0,8.0,3.0,1688.0,34.0,1872.0,2953,0.633931594988,minority,1498.0,1455.0,0.559098415359,0.564526652706,1.00970891206
2362,48,095,11,48095,Texas,TX,est72015,"July 1, 2015","Concho County, Texas",1647.0,69.0,15.0,14.0,5.0,2276.0,55.0,2434.0,4081,0.596422445479,minority,1214.0,2867.0,0.507102691816,0.532865129318,1.05080319611
2366,48,103,23,48103,Texas,TX,est72015,"July 1, 2015","Crane County, Texas",1646.0,126.0,45.0,14.0,0.0,3153.0,64.0,3402.0,5048,0.673930269414,minority,2520.0,2528.0,0.545465552102,0.52270066104,0.958265208546
2367,48,105,23,48105,Texas,TX,est72015,"July 1, 2015","Crockett County, Texas",1205.0,22.0,21.0,26.0,0.0,2398.0,38.0,2505.0,3710,0.675202156334,minority,1845.0,1865.0,0.51806862846,0.508428335623,0.981391861411
2368,48,107,19,48107,Texas,TX,est72015,"July 1, 2015","Crosby County, Texas",2427.0,222.0,18.0,8.0,2.0,3214.0,86.0,3550.0,5977,0.593943449891,minority,3017.0,2960.0,0.551654208316,0.55596263156,1.00781000703
2369,48,109,23,48109,Texas,TX,est72015,"July 1, 2015","Culberson County, Texas",472.0,24.0,23.0,35.0,1.0,1620.0,61.0,1764.0,2236,0.788908765653,minority,1148.0,1088.0,0.419921999533,0.451753192686,1.07580263284
2371,48,113,"05, 24, 26, 30, 32, 33",48113,Texas,TX,est72015,"July 1, 2015","Dallas County, Texas",780088.0,568518.0,7397.0,153648.0,1110.0,996891.0,45733.0,1773297.0,2553385,0.694488688545,minority,1296053.0,1257332.0,0.673377818265,0.708480548198,1.05212932321
2372,48,115,11,48115,Texas,TX,est72015,"July 1, 2015","Dawson County, Texas",4921.0,804.0,45.0,80.0,4.0,7482.0,184.0,8599.0,13520,0.636020710059,minority,5946.0,7574.0,0.583192569232,0.57369529532,0.983715029285
2373,48,117,13,48117,Texas,TX,est72015,"July 1, 2015","Deaf Smith County, Texas",4972.0,204.0,56.0,98.0,2.0,13416.0,204.0,13980.0,18952,0.737653018151,minority,9600.0,9352.0,0.521369236634,0.458485843133,0.879387986321
2378,48,127,23,48127,Texas,TX,est72015,"July 1, 2015","Dimmit County, Texas",1323.0,130.0,21.0,62.0,1.0,9356.0,87.0,9657.0,10980,0.879508196721,minority,5601.0,5379.0,0.276134118224,0.276086015666,0.999825800017
2380,48,131,15,48131,Texas,TX,est72015,"July 1, 2015","Duval County, Texas",1103.0,105.0,28.0,26.0,5.0,10068.0,53.0,10285.0,11388,0.903143659993,minority,5552.0,5836.0,0.222724639142,0.226250638468,1.01583120457
2382,48,135,11,48135,Texas,TX,est72015,"July 1, 2015","Ector County, Texas",55073.0,6734.0,720.0,1603.0,171.0,92829.0,2306.0,104363.0,159436,0.654576130861,minority,78627.0,80809.0,0.562193264131,0.557984456101,0.992513592215
2383,48,137,23,48137,Texas,TX,est72015,"July 1, 2015","Edwards County, Texas",795.0,10.0,15.0,5.0,0.0,1053.0,16.0,1099.0,1894,0.58025343189,minority,921.0,973.0,0.532757882785,0.538684761634,1.01112490128
2385,48,141,"16, 23",48141,Texas,TX,est72015,"July 1, 2015","El Paso County, Texas",109436.0,26541.0,2494.0,9614.0,1212.0,674630.0,11666.0,726157.0,835593,0.86903193301,minority,426333.0,409260.0,0.377089741647,0.351695739102,0.932657933271
2391,48,153,"13, 19",48153,Texas,TX,est72015,"July 1, 2015","Floyd County, Texas",2261.0,201.0,14.0,14.0,1.0,3301.0,109.0,3640.0,5901,0.61684460261,minority,2981.0,2920.0,0.54744391579,0.548697938809,1.00229068765
2393,48,157,"09, 22",48157,Texas,TX,est72015,"July 1, 2015","Fort Bend County, Texas",248046.0,144146.0,1524.0,137645.0,336.0,169473.0,14917.0,468041.0,716087,0.6536091285,minority,363978.0,352109.0,0.688827784747,0.746471398489,1.0836836362
2396,48,163,23,48163,Texas,TX,est72015,"July 1, 2015","Frio County, Texas",2974.0,623.0,50.0,401.0,2.0,14564.0,179.0,15819.0,18793,0.841749587612,minority,7753.0,11040.0,0.424790852465,0.390900435966,0.920218582151
2399,48,169,19,48169,Texas,TX,est72015,"July 1, 2015","Garza County, Texas",2678.0,416.0,29.0,12.0,3.0,3213.0,64.0,3737.0,6415,0.582540919719,minority,2260.0,4155.0,0.542216981731,0.589295610026,1.08682617823
2403,48,177,"27, 34",48177,Texas,TX,est72015,"July 1, 2015","Gonzales County, Texas",8675.0,1266.0,60.0,94.0,8.0,10225.0,245.0,11898.0,20573,0.578330821951,minority,10180.0,10393.0,0.583349784159,0.593950584703,1.01817228845
2409,48,189,19,48189,Texas,TX,est72015,"July 1, 2015","Hale County, Texas",11995.0,1681.0,124.0,168.0,21.0,19952.0,419.0,22365.0,34360,0.650902211874,minority,16556.0,17804.0,0.573730972823,0.561477701804,0.978642828085
2415,48,201,"02, 07, 08, 09, 10, 18, 22, 29, 36",48201,Texas,TX,est72015,"July 1, 2015","Harris County, Texas",1405412.0,839956.0,9193.0,317035.0,2619.0,1881488.0,82325.0,3132616.0,4538028,0.69030336525,minority,2280604.0,2257424.0,0.680209204389,0.703545389883,1.03430736506
2422,48,215,"15, 28, 34",48215,Texas,TX,est72015,"July 1, 2015","Hidalgo County, Texas",59021.0,3859.0,562.0,8579.0,99.0,766452.0,3732.0,783283.0,842304,0.929929099233,minority,431392.0,410912.0,0.21948940852,0.181556644853,0.827177247766
2424,48,219,19,48219,Texas,TX,est72015,"July 1, 2015","Hockley County, Texas",11181.0,886.0,104.0,98.0,6.0,10835.0,323.0,12252.0,23433,0.522852387658,minority,11834.0,11599.0,0.530357545003,0.568348460821,1.07163264891
2429,48,229,23,48229,Texas,TX,est72015,"July 1, 2015","Hudspeth County, Texas",652.0,39.0,11.0,20.0,0.0,2615.0,42.0,2727.0,3379,0.807043503995,minority,1696.0,1683.0,0.392628291185,0.3929933974,1.00092990297
2437,48,245,14,48245,Texas,TX,est72015,"July 1, 2015","Jefferson County, Texas",106643.0,84225.0,767.0,9843.0,99.0,48721.0,4010.0,147665.0,254308,0.580654167388,minority,124038.0,130270.0,0.604284648629,0.674011807983,1.11538793764
2438,48,247,15,48247,Texas,TX,est72015,"July 1, 2015","Jim Hogg County, Texas",338.0,26.0,16.0,39.0,0.0,4747.0,34.0,4862.0,5200,0.935,minority,2598.0,2602.0,0.193047387529,0.169755388066,0.879345689361
2439,48,249,34,48249,Texas,TX,est72015,"July 1, 2015","Jim Wells County, Texas",7620.0,244.0,102.0,153.0,7.0,32912.0,344.0,33762.0,41382,0.815861968972,minority,20959.0,20423.0,0.385706296251,0.351534027267,0.911403393423
2442,48,255,15,48255,Texas,TX,est72015,"July 1, 2015","Karnes County, Texas",5726.0,1195.0,46.0,46.0,3.0,7846.0,113.0,9249.0,14975,0.617629382304,minority,6241.0,8734.0,0.605568394102,0.585977898637,0.967649408959
2445,48,261,34,48261,Texas,TX,est72015,"July 1, 2015","Kenedy County, Texas",81.0,10.0,6.0,3.0,0.0,306.0,1.0,326.0,407,0.800982800983,minority,204.0,203.0,0.368185941043,0.425429673587,1.15547506345
2450,48,271,23,48271,Texas,TX,est72015,"July 1, 2015","Kinney County, Texas",1415.0,36.0,24.0,10.0,0.0,2008.0,56.0,2134.0,3549,0.601296139758,minority,1567.0,1982.0,0.530706190618,0.534625976441,1.00738598097
2451,48,273,34,48273,Texas,TX,est72015,"July 1, 2015","Kleberg County, Texas",6762.0,1136.0,54.0,715.0,35.0,22684.0,471.0,25095.0,31857,0.787738958471,minority,15525.0,16332.0,0.503065962865,0.462551125906,0.919464165835
2454,48,279,19,48279,Texas,TX,est72015,"July 1, 2015","Lamb County, Texas",5353.0,534.0,68.0,26.0,4.0,7164.0,236.0,8032.0,13385,0.600074710497,minority,6682.0,6703.0,0.552900688418,0.569431175982,1.02989775182
2456,48,283,"23, 28",48283,Texas,TX,est72015,"July 1, 2015","La Salle County, Texas",1042.0,49.0,31.0,20.0,0.0,6427.0,62.0,6589.0,7631,0.86345171013,minority,3175.0,4456.0,0.371773112611,0.2822906501,0.759308945494
2467,48,305,19,48305,Texas,TX,est72015,"July 1, 2015","Lynn County, Texas",2745.0,119.0,27.0,9.0,1.0,2711.0,112.0,2979.0,5724,0.520440251572,minority,2819.0,2905.0,0.542743173914,0.55426475546,1.02122842276
2475,48,321,27,48321,Texas,TX,est72015,"July 1, 2015","Matagorda County, Texas",16651.0,3911.0,126.0,748.0,10.0,14776.0,548.0,20119.0,36770,0.547158009247,minority,18400.0,18370.0,0.61368773857,0.632232222938,1.03021811127
2476,48,323,23,48323,Texas,TX,est72015,"July 1, 2015","Maverick County, Texas",1856.0,175.0,538.0,231.0,8.0,54638.0,260.0,55850.0,57706,0.967836966693,minority,29054.0,28652.0,0.115469317168,0.11989280948,1.03830881156
2477,48,325,23,48325,Texas,TX,est72015,"July 1, 2015","Medina County, Texas",21436.0,1140.0,192.0,344.0,34.0,24667.0,604.0,26981.0,48417,0.557262944833,minority,23391.0,25026.0,0.539374919811,0.552512489554,1.02435702748
2479,48,329,11,48329,Texas,TX,est72015,"July 1, 2015","Midland County, Texas",75990.0,9754.0,654.0,2612.0,63.0,69515.0,2489.0,85087.0,161077,0.528238047642,minority,80013.0,81064.0,0.528713695671,0.59639690739,1.12801486376
2482,48,335,11,48335,Texas,TX,est72015,"July 1, 2015","Mitchell County, Texas",4339.0,955.0,61.0,49.0,2.0,3500.0,161.0,4728.0,9067,0.521451417227,minority,3589.0,5478.0,0.586854110017,0.619861435432,1.05624451606
2485,48,341,13,48341,Texas,TX,est72015,"July 1, 2015","Moore County, Texas",7472.0,571.0,116.0,1965.0,32.0,11855.0,244.0,14783.0,22255,0.664255223545,minority,10649.0,11606.0,0.532556454797,0.61140119903,1.14804955141
2492,48,355,27,48355,Texas,TX,est72015,"July 1, 2015","Nueces County, Texas",109515.0,13095.0,939.0,6886.0,264.0,223825.0,5191.0,250200.0,359715,0.69555064426,minority,182213.0,177502.0,0.553267627924,0.532736971878,0.962891998357
2493,48,357,13,48357,Texas,TX,est72015,"July 1, 2015","Ochiltree County, Texas",4814.0,65.0,71.0,81.0,3.0,5567.0,146.0,5933.0,10747,0.55206104029,minority,5291.0,5456.0,0.463135578661,0.543334089515,1.17316421918
2499,48,369,19,48369,Texas,TX,est72015,"July 1, 2015","Parmer County, Texas",3426.0,119.0,25.0,26.0,7.0,6032.0,114.0,6323.0,9749,0.648579341471,minority,4726.0,5023.0,0.530659150877,0.517482129982,0.975168578789
2500,48,371,23,48371,Texas,TX,est72015,"July 1, 2015","Pecos County, Texas",4248.0,596.0,78.0,192.0,6.0,10894.0,189.0,11955.0,16203,0.737826328458,minority,7038.0,9165.0,0.521451220151,0.493537570107,0.946469297674
2502,48,375,13,48375,Texas,TX,est72015,"July 1, 2015","Potter County, Texas",55567.0,11709.0,645.0,6074.0,58.0,45201.0,2548.0,66235.0,121802,0.543792384362,minority,59014.0,62788.0,0.580902539979,0.651343704519,1.12126158812
2503,48,377,23,48377,Texas,TX,est72015,"July 1, 2015","Presidio County, Texas",910.0,66.0,28.0,135.0,0.0,5665.0,72.0,5966.0,6876,0.867655613729,minority,3391.0,3485.0,0.270792155936,0.331565461268,1.2244278647
2506,48,383,23,48383,Texas,TX,est72015,"July 1, 2015","Reagan County, Texas",1097.0,94.0,10.0,13.0,0.0,2489.0,89.0,2695.0,3792,0.710706751055,minority,1826.0,1966.0,0.543695917022,0.506384146258,0.931373825707
2509,48,389,23,48389,Texas,TX,est72015,"July 1, 2015","Reeves County, Texas",2770.0,702.0,38.0,167.0,2.0,10926.0,127.0,11962.0,14732,0.811973934293,minority,5867.0,8865.0,0.415461942324,0.4273570917,1.02863114082
2510,48,391,27,48391,Texas,TX,est72015,"July 1, 2015","Refugio County, Texas",3023.0,406.0,32.0,56.0,0.0,3658.0,114.0,4266.0,7289,0.585265468514,minority,3684.0,3605.0,0.574865634187,0.585173022339,1.01793008233
2519,48,409,"27, 34",48409,Texas,TX,est72015,"July 1, 2015","San Patricio County, Texas",26619.0,1106.0,219.0,654.0,56.0,37726.0,977.0,40738.0,67357,0.604807221224,minority,33667.0,33690.0,0.550856032558,0.54064340591,0.981460443302
2521,48,413,23,48413,Texas,TX,est72015,"July 1, 2015","Schleicher County, Texas",1437.0,51.0,2.0,6.0,0.0,1660.0,55.0,1774.0,3211,0.552475864217,minority,1570.0,1641.0,0.519685390697,0.534275088986,1.02807409743
2528,48,427,28,48427,Texas,TX,est72015,"July 1, 2015","Starr County, Texas",2363.0,99.0,13.0,141.0,3.0,61027.0,149.0,61432.0,63795,0.962959479583,minority,32798.0,30997.0,0.0590158072037,0.093469648181,1.58380699358
2532,48,435,23,48435,Texas,TX,est72015,"July 1, 2015","Sutton County, Texas",1474.0,18.0,7.0,13.0,0.0,2364.0,37.0,2439.0,3913,0.623306925633,minority,1941.0,1972.0,0.512257669837,0.508278108096,0.992231328148
2533,48,437,13,48437,Texas,TX,est72015,"July 1, 2015","Swisher County, Texas",3626.0,578.0,45.0,10.0,4.0,3166.0,104.0,3907.0,7533,0.518651267755,minority,3577.0,3956.0,0.541193623956,0.596680137456,1.1025261774
2534,48,439,"06, 12, 24, 25, 26, 33",48439,Texas,TX,est72015,"July 1, 2015","Tarrant County, Texas",962924.0,309365.0,7467.0,104224.0,3654.0,548382.0,46482.0,1019574.0,1982498,0.514287530177,minority,1012540.0,969958.0,0.559680707527,0.661988443211,1.1827966094
2536,48,443,23,48443,Texas,TX,est72015,"July 1, 2015","Terrell County, Texas",369.0,15.0,7.0,4.0,1.0,428.0,13.0,468.0,837,0.559139784946,minority,387.0,450.0,0.523055483815,0.567770805694,1.08548867809
2537,48,445,19,48445,Texas,TX,est72015,"July 1, 2015","Terry County, Texas",5143.0,557.0,41.0,50.0,2.0,6785.0,161.0,7596.0,12739,0.59627914279,minority,5951.0,6788.0,0.559403382708,0.565103708861,1.01019001016
2539,48,449,04,48449,Texas,TX,est72015,"July 1, 2015","Titus County, Texas",15012.0,3119.0,135.0,288.0,15.0,13588.0,466.0,17611.0,32623,0.539833859547,minority,16473.0,16150.0,0.556228916998,0.62404181976,1.12191545727
2541,48,453,"10, 17, 21, 25, 35",48453,Texas,TX,est72015,"July 1, 2015","Travis County, Texas",582299.0,94606.0,2957.0,75847.0,745.0,391104.0,29000.0,594259.0,1176558,0.505082622361,minority,583928.0,592630.0,0.593570741579,0.641118092822,1.08010393355
2545,48,461,23,48461,Texas,TX,est72015,"July 1, 2015","Upton County, Texas",1560.0,60.0,34.0,12.0,0.0,1923.0,62.0,2091.0,3651,0.572719802794,minority,1775.0,1876.0,0.52973672657,0.562423987108,1.06170472784
2546,48,463,23,48463,Texas,TX,est72015,"July 1, 2015","Uvalde County, Texas",7399.0,185.0,70.0,152.0,5.0,19166.0,268.0,19846.0,27245,0.728427234355,minority,13825.0,13420.0,0.469138919837,0.451121007296,0.961593652159
2547,48,465,23,48465,Texas,TX,est72015,"July 1, 2015","Val Verde County, Texas",8010.0,644.0,110.0,310.0,35.0,39359.0,520.0,40978.0,48988,0.836490569119,minority,24103.0,24885.0,0.393224262824,0.347194729539,0.882943303256
2549,48,469,27,48469,Texas,TX,est72015,"July 1, 2015","Victoria County, Texas",42342.0,5557.0,249.0,1179.0,20.0,41701.0,1334.0,50040.0,92382,0.541663960512,minority,46940.0,45442.0,0.567255099012,0.591396776566,1.04255876694
2551,48,473,10,48473,Texas,TX,est72015,"July 1, 2015","Waller County, Texas",20810.0,12325.0,175.0,409.0,9.0,14232.0,696.0,27846.0,48656,0.572303518579,minority,24340.0,24316.0,0.627884234452,0.672194779473,1.07057120181
2552,48,475,23,48475,Texas,TX,est72015,"July 1, 2015","Ward County, Texas",4798.0,485.0,70.0,63.0,3.0,6087.0,215.0,6923.0,11721,0.590649262008,minority,5829.0,5892.0,0.555727744824,0.578295964192,1.04061020811
2554,48,479,28,48479,Texas,TX,est72015,"July 1, 2015","Webb County, Texas",10135.0,817.0,125.0,1542.0,26.0,256028.0,1048.0,259586.0,269721,0.962424134569,minority,137911.0,131810.0,0.124426879064,0.114849358954,0.923026920052
2555,48,481,27,48481,Texas,TX,est72015,"July 1, 2015","Wharton County, Texas",18791.0,5388.0,88.0,191.0,10.0,16617.0,401.0,22695.0,41486,0.547052017548,minority,21061.0,20425.0,0.602810608704,0.625042731629,1.03688077583
2559,48,489,34,48489,Texas,TX,est72015,"July 1, 2015","Willacy County, Texas",2056.0,408.0,37.0,137.0,1.0,19153.0,111.0,19847.0,21903,0.906131580149,minority,9930.0,11973.0,0.267171627421,0.24858773175,0.930442106256
2562,48,495,23,48495,Texas,TX,est72015,"July 1, 2015","Winkler County, Texas",3026.0,164.0,35.0,40.0,1.0,4652.0,87.0,4979.0,8005,0.621986258588,minority,3887.0,4118.0,0.527287337611,0.543435157936,1.0306243279
2565,48,501,19,48501,Texas,TX,est72015,"July 1, 2015","Yoakum County, Texas",2868.0,82.0,34.0,44.0,1.0,5423.0,94.0,5678.0,8546,0.664404399719,minority,4319.0,4227.0,0.525407096616,0.504924351112,0.961015476122
2567,48,505,28,48505,Texas,TX,est72015,"July 1, 2015","Zapata County, Texas",773.0,44.0,16.0,25.0,0.0,13474.0,42.0,13601.0,14374,0.946222345902,minority,7159.0,7215.0,0.263166102912,0.127548795254,0.484670304581
2568,48,507,23,48507,Texas,TX,est72015,"July 1, 2015","Zavala County, Texas",750.0,48.0,17.0,6.0,5.0,11315.0,94.0,11485.0,12235,0.93870044953,minority,6045.0,6190.0,0.180076280145,0.164641106518,0.914285359439
2587,49,037,03,49037,Utah,UT,est72015,"July 1, 2015","San Juan County, Utah",7219.0,63.0,7180.0,113.0,21.0,812.0,364.0,8553.0,15772,0.542290134415,minority,7968.0,7804.0,0.527927916976,0.564554479214,1.06937796063
2610,51,025,05,51025,Virginia,VA,est72015,"July 1, 2015","Brunswick County, Virginia",6927.0,9154.0,38.0,60.0,15.0,338.0,166.0,9771.0,16698,0.585159899389,minority,7796.0,8902.0,0.50215536453,0.522040095968,1.03959876334
2616,51,036,03,51036,Virginia,VA,est72015,"July 1, 2015","Charles City County, Virginia",2913.0,3276.0,494.0,38.0,5.0,119.0,195.0,4127.0,7040,0.586221590909,minority,3594.0,3446.0,0.564671529899,0.602826698826,1.06757055546
2637,51,081,04,51081,Virginia,VA,est72015,"July 1, 2015","Greensville County, Virginia",4417.0,7006.0,32.0,84.0,1.0,225.0,120.0,7468.0,11885,0.628355069415,minority,4465.0,7420.0,0.491511370256,0.507466612004,1.03246159237
2670,51,153,"01, 10, 11",51153,Virginia,VA,est72015,"July 1, 2015","Prince William County, Virginia",202469.0,91957.0,1055.0,38484.0,581.0,97257.0,19918.0,249252.0,451721,0.551783069638,minority,226267.0,225454.0,0.529368456268,0.702192886132,1.32647285235
2685,51,183,04,51183,Virginia,VA,est72015,"July 1, 2015","Sussex County, Virginia",4490.0,6674.0,29.0,60.0,3.0,322.0,137.0,7225.0,11715,0.616730687153,minority,4761.0,6954.0,0.479989056902,0.520334183276,1.08405426289
2700,51,590,05,51590,Virginia,VA,est72015,"July 1, 2015","Danville city, Virginia",18608.0,20683.0,100.0,486.0,25.0,1521.0,659.0,23474.0,42082,0.55781569317,minority,22657.0,19425.0,0.519346600294,0.555915360293,1.07041301508
2701,51,595,04,51595,Virginia,VA,est72015,"July 1, 2015","Emporia city, Virginia",1568.0,3444.0,8.0,71.0,5.0,320.0,80.0,3928.0,5496,0.714701601164,minority,2979.0,2517.0,0.512392169555,0.509496216731,0.994348171194
2704,51,620,04,51620,Virginia,VA,est72015,"July 1, 2015","Franklin city, Virginia",3244.0,4810.0,28.0,76.0,4.0,149.0,179.0,5246.0,8490,0.617903415783,minority,4648.0,3842.0,0.515869249023,0.524008881482,1.01577847967
2707,51,650,"02, 03",51650,Virginia,VA,est72015,"July 1, 2015","Hampton city, Virginia",54286.0,66084.0,482.0,3191.0,172.0,6851.0,5388.0,82168.0,136454,0.6021662978,minority,70650.0,65804.0,0.557383910938,0.586755861604,1.05269608629
2709,51,670,04,51670,Virginia,VA,est72015,"July 1, 2015","Hopewell city, Virginia",11077.0,8686.0,94.0,256.0,34.0,1498.0,733.0,11301.0,22378,0.505004915542,minority,11875.0,10503.0,0.508058569151,0.5873836404,1.15613371384
2712,51,683,10,51683,Virginia,VA,est72015,"July 1, 2015","Manassas city, Virginia",17884.0,5578.0,123.0,2522.0,47.0,14088.0,1522.0,23880.0,41764,0.571784311848,minority,20811.0,20953.0,0.509005994149,0.689591173353,1.35478006405
2713,51,685,10,51685,Virginia,VA,est72015,"July 1, 2015","Manassas Park city, Virginia",5749.0,2060.0,40.0,1590.0,25.0,5670.0,592.0,9977.0,15726,0.634427063462,minority,7689.0,8037.0,0.505637513881,0.720722526767,1.42537392298
2714,51,690,09,51690,Virginia,VA,est72015,"July 1, 2015","Martinsville city, Virginia",6414.0,6129.0,38.0,140.0,1.0,642.0,281.0,7231.0,13645,0.529937706119,minority,7383.0,6262.0,0.522915437942,0.569118523045,1.08835670503
2715,51,700,"01, 02, 03",51700,Virginia,VA,est72015,"July 1, 2015","Newport News city, Virginia",81552.0,72008.0,720.0,5675.0,348.0,14697.0,7385.0,100833.0,182385,0.552857965293,minority,93905.0,88480.0,0.567197486226,0.619556360655,1.09231154175
2716,51,710,"02, 03",51710,Virginia,VA,est72015,"July 1, 2015","Norfolk city, Virginia",108492.0,100941.0,1054.0,8998.0,477.0,17669.0,8762.0,137901.0,246393,0.559679049324,minority,117449.0,128944.0,0.574105391271,0.617683098893,1.07590541438
2718,51,730,03,51730,Virginia,VA,est72015,"July 1, 2015","Petersburg city, Virginia",5077.0,24693.0,99.0,386.0,41.0,1388.0,793.0,27400.0,32477,0.843673984666,minority,17500.0,14977.0,0.336754625484,0.372930423336,1.10742479869
2720,51,740,03,51740,Virginia,VA,est72015,"July 1, 2015","Portsmouth city, Virginia",37562.0,50546.0,411.0,1235.0,109.0,3596.0,2742.0,58639.0,96201,0.609546678309,minority,50186.0,46015.0,0.534729627112,0.557359944351,1.04232104617
2722,51,760,"03, 07",51760,Virginia,VA,est72015,"July 1, 2015","Richmond city, Virginia",89328.0,106641.0,562.0,5224.0,122.0,13418.0,4994.0,130961.0,220289,0.594496320742,minority,115498.0,104791.0,0.522793845337,0.585278134768,1.11951994077
2726,51,800,"03, 04",51800,Virginia,VA,est72015,"July 1, 2015","Suffolk city, Virginia",43742.0,37045.0,263.0,1598.0,68.0,3289.0,2156.0,44419.0,88161,0.503839566248,minority,45360.0,42801.0,0.523192670951,0.566772978115,1.08329686095
2731,53,001,04,53001,Washington,WA,est72015,"July 1, 2015","Adams County, Washington",6742.0,73.0,77.0,168.0,6.0,11889.0,299.0,12512.0,19254,0.649838994495,minority,9410.0,9844.0,0.525945385472,0.563802596681,1.07197935804
2741,53,021,04,53021,Washington,WA,est72015,"July 1, 2015","Franklin County, Washington",36889.0,1716.0,443.0,1691.0,158.0,45725.0,2185.0,51918.0,88807,0.584616077561,minority,42748.0,46059.0,0.563187146304,0.576214846252,1.02313209745
2769,53,077,04,53077,Washington,WA,est72015,"July 1, 2015","Yakima County, Washington",110213.0,1968.0,9176.0,2742.0,208.0,117454.0,7069.0,138617.0,248830,0.557075111522,minority,124292.0,124538.0,0.555019582261,0.601607563761,1.08393934735
2864,55,078,08,55078,Wisconsin,WI,est72015,"July 1, 2015","Menominee County, Wisconsin",596.0,41.0,3447.0,118.0,1.0,257.0,113.0,3977.0,4573,0.869669801006,minority,2318.0,2255.0,0.222575551634,0.338007083148,1.51861729946
2897,02,013,00,02013,Alaska,AK,est72015,"July 1, 2015","Aleutians East Borough, Alaska",398.0,333.0,640.0,1372.0,24.0,463.0,111.0,2943.0,3341,0.880873989823,minority,1030.0,2311.0,0.735837460176,0.74444949454,1.01170371832
2898,02,016,00,02016,Alaska,AK,est72015,"July 1, 2015","Aleutians West Census Area, Alaska",1476.0,401.0,654.0,1988.0,128.0,799.0,256.0,4226.0,5702,0.741143458436,minority,1864.0,3838.0,0.740450367706,0.764115771701,1.03196082415
2900,02,050,00,02050,Alaska,AK,est72015,"July 1, 2015","Bethel Census Area, Alaska",2034.0,151.0,14485.0,188.0,24.0,320.0,744.0,15912.0,17946,0.88665997994,minority,8662.0,9284.0,0.306475693636,0.316931011597,1.03411467264
2901,02,060,00,02060,Alaska,AK,est72015,"July 1, 2015","Bristol Bay Borough, Alaska",391.0,1.0,293.0,10.0,4.0,35.0,158.0,501.0,892,0.561659192825,minority,400.0,492.0,0.533020184629,0.654503382674,1.22791481739
2903,02,070,00,02070,Alaska,AK,est72015,"July 1, 2015","Dillingham Census Area, Alaska",874.0,31.0,3436.0,51.0,8.0,143.0,454.0,4123.0,4997,0.825095057034,minority,2448.0,2549.0,0.447314942858,0.460703355976,1.02993061898
2906,02,105,00,02105,Alaska,AK,est72015,"July 1, 2015","Hoonah-Angoon Census Area, Alaska",1012.0,15.0,754.0,31.0,2.0,96.0,223.0,1121.0,2133,0.525550867323,minority,1009.0,1124.0,0.567423669123,0.614841000427,1.08356600876
2911,02,158,00,02158,Alaska,AK,est72015,"July 1, 2015","Kusilvak Census Area, Alaska",424.0,19.0,7343.0,21.0,0.0,99.0,213.0,7695.0,8119,0.947776819805,minority,3856.0,4263.0,1.0,0.16094098978,0.16094098978
2912,02,164,00,02164,Alaska,AK,est72015,"July 1, 2015","Lake and Peninsula Borough, Alaska",373.0,18.0,957.0,13.0,5.0,41.0,156.0,1190.0,1563,0.761356365963,minority,727.0,836.0,0.420521763363,0.5418338825,1.288480002
2914,02,180,00,02180,Alaska,AK,est72015,"July 1, 2015","Nome Census Area, Alaska",1598.0,60.0,7235.0,113.0,14.0,212.0,614.0,8248.0,9846,0.837700589072,minority,4652.0,5194.0,0.39278287867,0.412376203225,1.0498833468
2915,02,185,00,02185,Alaska,AK,est72015,"July 1, 2015","North Slope Borough, Alaska",3119.0,137.0,4842.0,548.0,163.0,378.0,500.0,6568.0,9687,0.678022091463,minority,3630.0,6057.0,0.494191567453,0.620980758101,1.25655879015
2916,02,188,00,02188,Alaska,AK,est72015,"July 1, 2015","Northwest Arctic Borough, Alaska",942.0,85.0,5998.0,70.0,18.0,176.0,463.0,6810.0,7752,0.878482972136,minority,3560.0,4192.0,0.300214106632,0.363975835998,1.2123875193
2918,02,198,00,02198,Alaska,AK,est72015,"July 1, 2015","Prince of Wales-Hyder Census Area, Alaska",2908.0,26.0,2575.0,42.0,26.0,197.0,567.0,3433.0,6341,0.541397255953,minority,2854.0,3487.0,0.565764556462,0.600627334169,1.06162064645
2924,02,282,00,02282,Alaska,AK,est72015,"July 1, 2015","Yakutat City and Borough, Alaska",220.0,18.0,216.0,26.0,10.0,29.0,94.0,393.0,613,0.641109298532,minority,267.0,346.0,0.578837502934,0.712808107993,1.23144769366
2925,02,290,00,02290,Alaska,AK,est72015,"July 1, 2015","Yukon-Koyukuk Census Area, Alaska",1219.0,28.0,3845.0,18.0,7.0,130.0,286.0,4314.0,5533,0.779685523224,minority,2590.0,2943.0,0.433960041532,0.45209521426,1.04178995989
2929,11,001,00,11001,District of Columbia,DC,est72015,"July 1, 2015","District of Columbia, District of Columbia",242981.0,313925.0,1472.0,27379.0,359.0,67981.0,18131.0,429247.0,672228,0.638543767888,minority,353627.0,318601.0,0.541636992496,0.623944549141,1.15196073715
2931,30,003,00,30003,Montana,MT,est72015,"July 1, 2015","Big Horn County, Montana",3825.0,51.0,8154.0,69.0,4.0,738.0,401.0,9417.0,13242,0.711146352515,minority,6723.0,6519.0,0.515260398372,0.492515727283,0.955857909592
2932,30,005,00,30005,Montana,MT,est72015,"July 1, 2015","Blaine County, Montana",3097.0,17.0,3118.0,18.0,1.0,162.0,164.0,3480.0,6577,0.529116618519,minority,3344.0,3233.0,0.518038371532,0.536960682347,1.03652685178
2947,30,035,00,30035,Montana,MT,est72015,"July 1, 2015","Glacier County, Montana",4415.0,28.0,8368.0,54.0,1.0,348.0,433.0,9232.0,13647,0.676485674507,minority,6972.0,6675.0,0.490895074643,0.498056037784,1.01458756364
2972,30,085,00,30085,Montana,MT,est72015,"July 1, 2015","Roosevelt County, Montana",4313.0,34.0,6412.0,53.0,4.0,278.0,382.0,7163.0,11476,0.62417218543,minority,5708.0,5768.0,0.517778096971,0.525789121284,1.01547192583
2988,38,005,00,38005,North Dakota,ND,est72015,"July 1, 2015","Benson County, North Dakota",2832.0,15.0,3566.0,31.0,0.0,159.0,150.0,3921.0,6753,0.580630830742,minority,3258.0,3495.0,0.510736529474,0.529885359807,1.03749258028
3025,38,079,00,38079,North Dakota,ND,est72015,"July 1, 2015","Rolette County, North Dakota",2924.0,73.0,10994.0,27.0,1.0,261.0,369.0,11725.0,14649,0.800395931463,minority,7463.0,7186.0,0.402659239164,0.374819007734,0.930859077051
3028,38,085,00,38085,North Dakota,ND,est72015,"July 1, 2015","Sioux County, North Dakota",651.0,12.0,3379.0,4.0,0.0,184.0,140.0,3719.0,4370,0.851029748284,minority,2184.0,2186.0,0.255513059928,0.319857978914,1.2518263411
3041,46,007,00,46007,South Dakota,SD,est72015,"July 1, 2015","Bennett County, South Dakota",1144.0,18.0,1928.0,25.0,2.0,117.0,189.0,2279.0,3423,0.665790242477,minority,1772.0,1651.0,0.553143889168,0.53982559259,0.975922545943
3046,46,017,00,46017,South Dakota,SD,est72015,"July 1, 2015","Buffalo County, South Dakota",369.0,11.0,1605.0,2.0,0.0,62.0,46.0,1726.0,2095,0.823866348449,minority,1058.0,1037.0,0.30478892838,0.336395119966,1.10369862106
3053,46,031,00,46031,South Dakota,SD,est72015,"July 1, 2015","Corson County, South Dakota",1334.0,10.0,2524.0,26.0,2.0,167.0,134.0,2863.0,4197,0.682153919466,minority,2067.0,2130.0,0.4913070516,0.496841038547,1.01126380525
3058,46,041,00,46041,South Dakota,SD,est72015,"July 1, 2015","Dewey County, South Dakota",1255.0,21.0,3955.0,10.0,0.0,208.0,236.0,4430.0,5685,0.779243623571,minority,2911.0,2774.0,0.389421274448,0.423961130863,1.08869535046
3073,46,071,00,46071,South Dakota,SD,est72015,"July 1, 2015","Jackson County, South Dakota",1392.0,25.0,1625.0,2.0,3.0,117.0,157.0,1929.0,3321,0.580849141825,minority,1669.0,1652.0,0.52007844442,0.559786608285,1.07635033578
3085,46,095,00,46095,South Dakota,SD,est72015,"July 1, 2015","Mellette County, South Dakota",845.0,7.0,1016.0,6.0,0.0,65.0,111.0,1205.0,2050,0.587804878049,minority,973.0,1077.0,0.525278053058,0.561873435974,1.06966859305
3089,46,102,00,46102,South Dakota,SD,est72015,"July 1, 2015","Oglala Lakota County, South Dakota",825.0,32.0,12667.0,18.0,3.0,577.0,251.0,13548.0,14373,0.942600709664,minority,7400.0,6973.0,1.0,0.159857932635,0.159857932635
3098,46,121,00,46121,South Dakota,SD,est72015,"July 1, 2015","Todd County, South Dakota",1040.0,35.0,8272.0,20.0,0.0,356.0,236.0,8919.0,9959,0.895571844563,minority,5109.0,4850.0,0.249490907885,0.24177775682,0.969084440271
3104,46,137,00,46137,South Dakota,SD,est72015,"July 1, 2015","Ziebach County, South Dakota",661.0,8.0,1896.0,10.0,2.0,119.0,107.0,2142.0,2803,0.764181234392,minority,1392.0,1411.0,0.408390545121,0.432002851024,1.05781795437
